# Blender 5.0.1
# www.blender.org
mtllib Windmill.mtl
o Cylinder
v -1.123938 2.401345 -0.927953
v -1.009769 3.714912 -0.833692
v -1.034586 3.714961 0.854182
v -1.152036 2.401345 0.951152
v -1.450906 2.401345 0.138582
v -1.303524 3.714912 0.124505
v 1.034586 3.714961 -0.854182
v 1.152036 2.401345 -0.951152
v -0.125740 3.830796 -1.316453
v 0.000000 1.854588 -2.000000
v 1.414214 1.854588 -1.414214
v 2.000000 1.854588 0.000000
v 1.414214 1.854588 1.414214
v 0.000000 1.854588 2.000000
v -1.414214 1.854588 1.414214
v -2.000000 1.854588 0.000000
v -1.414214 1.854588 -1.414214
v 0.000000 1.758876 -2.504649
v 1.771055 1.758876 -1.771055
v 2.504649 1.758876 -0.000000
v 1.771055 1.758876 1.771055
v 0.000000 1.758876 2.504649
v -1.771055 1.758876 1.771055
v -2.504649 1.758876 -0.000000
v -1.771055 1.758876 -1.771055
v 0.000000 1.854588 0.000000
v 0.000000 0.000000 0.000000
v 0.590352 1.786591 -2.260118
v 1.180703 1.786591 -2.015586
v 2.015586 1.786591 -1.180703
v 2.260118 1.786591 -0.590352
v 2.260118 1.786591 0.590352
v 2.015586 1.786591 1.180703
v 1.180703 1.786591 2.015586
v 0.590352 1.786591 2.260118
v -0.590352 1.786591 2.260118
v -1.180703 1.786591 2.015586
v -2.015586 1.786591 1.180703
v -2.260118 1.786591 0.590352
v -2.260118 1.786591 -0.590352
v -2.015586 1.786591 -1.180703
v -1.180703 1.786591 -2.015586
v -0.590352 1.786591 -2.260118
v 0.000000 2.471557 0.879947
v 0.000000 1.999349 1.769556
v 0.000000 1.999349 -1.769556
v 0.000000 2.471557 -0.879947
v 1.251265 1.999349 1.251265
v 0.622216 2.471557 0.622216
v -0.622216 2.471557 -0.622216
v -1.251265 1.999349 -1.251265
v 1.251265 1.999349 -1.251265
v 0.622216 2.471557 -0.622216
v -0.622216 2.471557 0.622216
v -1.251265 1.999349 1.251265
v -1.769556 1.999349 0.000000
v -0.879947 2.471557 0.000000
v 0.879947 2.471557 0.000000
v 1.769556 1.999349 0.000000
v 1.510288 2.056026 0.625582
v -1.510288 2.056026 -0.625582
v -1.510287 2.056026 0.625582
v 0.625582 2.056026 -1.510288
v -0.625582 2.056026 -1.510287
v 0.625582 2.056026 1.510287
v -0.625582 2.056026 1.510288
v 1.510287 2.056026 -0.625582
v 0.000000 5.072879 -2.484802
v 1.757020 5.072879 -1.757020
v 2.484802 5.072879 0.000000
v 1.757020 5.072879 1.757020
v 0.000000 5.072879 2.484802
v -1.757020 5.072879 1.757020
v -2.484802 5.072879 0.000000
v -1.757020 5.072879 -1.757020
v 0.000000 7.317859 0.000000
v 0.878510 5.072879 -2.120911
v 2.120911 5.072879 -0.878510
v 2.120911 5.072879 0.878510
v 0.878510 5.072879 2.120911
v -0.878510 5.072879 2.120911
v -2.120911 5.072879 0.878510
v -2.120911 5.072879 -0.878510
v -0.878510 5.072879 -2.120911
v -0.878510 5.777925 -0.878510
v 0.878510 5.777925 0.878510
v 0.878510 5.777925 -0.878510
v -0.878510 5.777925 0.878510
v 1.242401 5.777925 0.000000
v -1.242401 5.777925 0.000000
v 0.000000 5.577388 -1.499711
v 0.000000 5.577388 1.499711
v 0.439255 5.072879 -2.302856
v 1.938966 5.072879 -1.317765
v 2.302856 5.072879 0.439255
v 1.317765 5.072879 1.938966
v -0.439255 5.072879 2.302856
v -1.938966 5.072879 1.317765
v -2.302856 5.072879 -0.439255
v -1.317765 5.072879 -1.938966
v -1.317765 5.355210 -1.317765
v 0.439255 6.422425 0.439255
v 0.439255 6.422425 -0.439255
v -1.317765 5.355210 1.317765
v 1.863601 5.355210 0.000000
v -0.621201 6.422425 0.000000
v 1.317765 5.072879 -1.938966
v 2.302856 5.072879 -0.439255
v 1.938966 5.072879 1.317765
v 0.439255 5.072879 2.302856
v -1.317765 5.072879 1.938966
v -2.302856 5.072879 0.439255
v -1.938966 5.072879 -1.317765
v -0.439255 5.072879 -2.302856
v -0.439255 6.422425 -0.439255
v 1.317765 5.355210 1.317765
v 1.317765 5.355210 -1.317765
v -0.439255 6.422425 0.439255
v 0.621201 6.422425 0.000000
v -1.863601 5.355210 0.000000
v -1.499711 5.423374 -0.878510
v -1.681656 5.423374 -0.439255
v -1.060456 5.860216 -0.439255
v 1.499711 5.423374 0.878510
v 1.681656 5.423374 0.439255
v 1.060456 5.860216 0.439255
v -1.681656 5.423374 0.439255
v -1.499711 5.423374 0.878510
v -1.060456 5.860216 0.439255
v -0.439255 5.355192 -1.810311
v 0.439255 5.755696 -1.189110
v -0.439255 5.755696 -1.189110
v 0.439255 5.355192 -1.810311
v -0.439255 5.355192 1.810311
v 0.439255 5.755696 1.189110
v 0.439255 5.343517 1.810311
v -0.439255 5.755696 1.189110
v 1.681656 5.423374 -0.439255
v 1.499711 5.423374 -0.878510
v 1.060456 5.860216 -0.439255
v 0.000000 6.196959 0.814183
v 0.878510 5.391772 1.564038
v 0.000000 5.265545 2.056584
v 0.878510 5.391772 -1.564038
v 0.000000 6.196959 -0.814183
v -0.878510 5.391772 -1.564038
v 0.000000 5.265545 -2.056584
v -0.878510 5.391772 1.564038
v -0.927953 2.401345 1.123938
v 1.335561 3.714961 0.127565
v -0.833692 3.714912 1.009769
v 0.138582 2.401345 1.450906
v 1.487179 2.401345 0.142046
v 0.854182 3.714961 1.034586
v 0.124505 3.714912 1.303524
v 1.123938 2.401345 0.927953
v 0.951152 2.401345 1.152036
v 1.009769 3.714912 0.833692
v 1.450906 2.401345 -0.138582
v 1.303524 3.714912 -0.124505
v 0.927953 2.401345 -1.123938
v 0.833692 3.714912 -1.009769
v -0.138582 2.401345 -1.450906
v -0.124505 3.714912 -1.303524
v -0.313166 0.188969 -1.870282
v 0.138582 0.000000 -1.942598
v 0.138582 1.854588 -1.942598
v -0.138582 1.854588 -1.942598
v 1.275632 0.000000 -1.471616
v 1.471616 0.000000 -1.275632
v 1.308148 0.000000 -1.308148
v 1.471616 1.854588 -1.275632
v 1.275632 1.854588 -1.471616
v 1.308148 1.854588 -1.308148
v 1.942598 0.000000 -0.138582
v 1.942598 0.000000 0.138582
v 1.850000 0.000000 0.000000
v 1.942598 1.854588 0.138582
v 1.942598 1.854588 -0.138582
v 1.850000 1.854588 0.000000
v 1.471616 0.000000 1.275632
v 1.275632 0.000000 1.471616
v 1.308148 0.000000 1.308148
v 1.275632 1.854588 1.471616
v 1.471616 1.854588 1.275632
v 1.308148 1.854588 1.308148
v 0.138582 0.000000 1.942598
v -0.138582 0.000000 1.942598
v -0.138582 1.854588 1.942598
v 0.138582 1.854588 1.942598
v -1.275632 0.000000 1.471616
v -1.471616 0.000000 1.275632
v -1.308148 0.000000 1.308148
v -1.471616 1.854588 1.275632
v -1.275632 1.854588 1.471616
v -1.308148 1.854588 1.308148
v -1.942598 0.000000 0.138582
v -1.942598 0.000000 -0.138582
v -1.850000 0.000000 0.000000
v -1.942598 1.854588 -0.138582
v -1.942598 1.854588 0.138582
v -1.850000 1.854588 0.000000
v -1.471616 0.000000 -1.275632
v -1.101047 0.188969 -1.543931
v -1.308148 0.000000 -1.308148
v -1.275632 1.854588 -1.471616
v -1.471616 1.854588 -1.275632
v -1.308148 1.854588 -1.308148
v -0.951152 2.401345 1.152036
v -0.127565 3.714961 1.335561
v -0.854182 3.714960 1.034586
v -0.142046 2.401345 -1.487179
v -0.127565 3.714960 -1.335561
v -1.152036 2.401345 -0.951152
v -1.034586 3.714960 -0.854182
v 0.951152 2.401345 -1.152036
v 1.340851 0.000000 -1.340851
v 1.307522 0.000000 -1.508406
v 1.508406 0.000000 -1.307522
v 1.340851 1.854588 -1.340851
v 1.508406 1.854588 -1.307522
v 1.307522 1.854588 -1.508406
v 1.896250 0.000000 -0.000000
v 1.991162 0.000000 -0.142046
v 1.991162 0.000000 0.142046
v 1.896250 1.854588 -0.000000
v 1.991162 1.854588 0.142046
v 1.991162 1.854588 -0.142046
v 1.340851 0.000000 1.340851
v 1.508406 0.000000 1.307522
v 1.307522 0.000000 1.508406
v 1.340851 1.854588 1.340851
v 1.307522 1.854588 1.508406
v 1.508406 1.854588 1.307522
v -1.340851 0.000000 1.340851
v -1.307522 0.000000 1.508406
v -1.508406 0.000000 1.307522
v -1.340851 1.854588 1.340851
v -1.508406 1.854588 1.307522
v -1.307522 1.854588 1.508406
v -1.896250 0.000000 -0.000000
v -1.991162 0.000000 0.142046
v -1.991162 0.000000 -0.142046
v -1.896250 1.854588 -0.000000
v -1.991162 1.854588 -0.142046
v -1.991162 1.854588 0.142046
v -1.340851 0.000000 -1.340851
v -1.508406 0.000000 -1.307522
v -1.307522 0.000000 -1.508406
v -1.340851 1.854588 -1.340851
v -1.307522 1.854588 -1.508406
v -1.508406 1.854588 -1.307522
v 0.142047 0.000000 -1.991162
v -0.142046 0.000000 -1.991162
v -0.142046 1.854588 -1.991162
v 0.142047 1.854588 -1.991162
v 0.142047 1.854588 1.991162
v -0.142046 1.854588 1.991162
v -0.142046 0.000000 1.991162
v 0.142047 0.000000 1.991162
v -0.000000 5.161119 0.000000
v 0.854182 3.714960 -1.034586
v -0.951152 2.271297 -1.152036
v -1.487179 2.271297 0.142046
v 1.487179 2.401345 -0.142046
v 1.335561 3.714960 -0.127565
v -1.487179 2.271297 -0.142046
v 0.142046 2.271297 1.487179
v 1.152036 2.401345 0.951152
v -0.854182 3.714961 -1.034586
v -0.142046 2.271297 1.487179
v 1.152036 2.271297 0.951152
v 1.034586 3.714960 0.854182
v 0.142046 2.401345 1.487179
v 0.951152 2.271297 1.152036
v 1.487179 2.271297 -0.142046
v 0.127565 3.714960 1.335561
v -1.487179 2.401345 0.142046
v 1.487179 2.271297 0.142046
v 0.951152 2.271297 -1.152036
v -1.335561 3.714960 0.127565
v -1.152036 2.271297 -0.951152
v -0.833692 3.714913 -1.009769
v -0.142046 2.271297 -1.487179
v -0.142046 2.401345 1.487179
v -0.927953 2.401345 -1.123938
v 1.152036 2.271297 -0.951152
v -0.951152 2.271297 1.152036
v -1.303524 3.714913 -0.124505
v -1.450906 2.401345 -0.138582
v -1.152036 2.271297 0.951152
v -1.335561 3.714961 -0.127565
v 0.142046 2.271297 -1.487179
v -0.138582 2.271297 -1.450906
v -1.487179 2.401345 -0.142046
v -1.009769 3.714913 0.833692
v 0.138582 2.271297 -1.450906
v -1.123938 2.401345 0.927953
v 1.123938 2.271297 -0.927953
v 0.927953 2.271297 -1.123938
v -0.124505 3.714913 1.303524
v -0.138582 2.401345 1.450906
v 1.450906 2.271297 0.138582
v 1.450906 2.271297 -0.138582
v 0.833692 3.714913 1.009769
v 0.927953 2.401345 1.123938
v 0.927953 2.271297 1.123938
v 1.123938 2.271297 0.927953
v 1.303524 3.714913 0.124505
v -0.951152 2.401345 -1.152036
v -0.138582 2.271297 1.450906
v 0.138582 2.271297 1.450906
v 1.450906 2.401345 0.138582
v 1.009769 3.714913 -0.833692
v -1.123938 2.271297 0.927953
v -0.927953 2.271297 1.123938
v 1.123938 2.401345 -0.927953
v 0.124505 3.714913 -1.303524
v -1.450906 2.271297 -0.138582
v -1.450906 2.271297 0.138582
v 0.138582 2.401345 -1.450906
v 0.127565 3.714961 -1.335561
v -0.927953 2.271297 -1.123938
v -1.123938 2.271297 -0.927953
v 0.142046 2.401345 -1.487179
v -0.142046 1.612113 -1.991162
v -0.142046 0.242475 -1.991162
v 0.142047 0.242475 -1.991162
v 0.142047 1.612113 -1.991162
v 1.508406 0.242475 -1.307522
v 1.508406 1.612113 -1.307522
v 1.307522 1.612113 -1.508406
v 1.307522 0.242475 -1.508406
v 1.991162 0.242475 0.142046
v 1.991162 1.612113 0.142046
v 1.991162 1.612113 -0.142046
v 1.991162 0.242475 -0.142046
v 1.307522 0.242475 1.508406
v 1.307522 1.612113 1.508406
v 1.508406 1.612113 1.307522
v 1.508406 0.242475 1.307522
v -0.142046 0.242475 1.991162
v -0.142046 1.612113 1.991162
v 0.142047 1.612113 1.991162
v 0.142047 0.242475 1.991162
v -1.508406 0.242475 1.307522
v -1.508406 1.612113 1.307522
v -1.307522 1.612113 1.508406
v -1.307522 0.242475 1.508406
v -1.991162 0.242475 -0.142046
v -1.991162 1.612113 -0.142046
v -1.991162 1.612113 0.142046
v -1.991162 0.242475 0.142046
v -1.307522 0.242475 -1.508406
v -1.307522 1.612113 -1.508406
v -1.508406 1.612113 -1.307522
v -1.508406 0.242475 -1.307522
v 1.471616 1.612113 1.275632
v 1.471616 0.242475 1.275632
v -1.471616 1.612113 -1.275632
v -1.471616 0.242475 -1.275632
v -1.101047 0.242475 -1.543931
v -1.101047 1.423144 -1.543931
v -1.942598 1.612113 0.138582
v -1.942598 0.242475 0.138582
v -1.942598 0.242475 -0.138582
v -1.942598 1.612113 -0.138582
v -1.275632 1.612113 1.471616
v -1.275632 0.242475 1.471616
v -1.471616 0.242475 1.275632
v -1.471616 1.612113 1.275632
v 0.138582 1.612113 1.942598
v 0.138582 0.242475 1.942598
v -0.138582 0.242475 1.942598
v -0.138582 1.612113 1.942598
v 1.275632 0.242475 1.471616
v 1.275632 1.612113 1.471616
v 1.942598 1.612113 -0.138582
v 1.942598 0.242475 -0.138582
v 1.942598 0.242475 0.138582
v 1.942598 1.612113 0.138582
v 1.275632 1.612113 -1.471616
v 1.275632 0.242475 -1.471616
v 1.471616 0.242475 -1.275632
v 1.471616 1.612113 -1.275632
v 0.138582 0.242475 -1.942598
v 0.138582 1.612113 -1.942598
v -0.313166 1.423144 -1.870282
v -0.313166 0.242475 -1.870282
v -1.487179 2.159829 -0.142046
v 0.142046 2.159829 -1.487179
v -1.450906 2.159829 -0.138582
v 0.951152 2.159829 -1.152036
v 0.927953 2.159829 1.123938
v 0.142046 2.159829 1.487179
v -0.138582 2.159829 -1.450906
v -1.450906 2.159829 0.138582
v -1.152036 2.159829 -0.951152
v 1.123938 2.159829 0.927953
v -0.142046 2.159829 1.487179
v 0.138582 2.159829 -1.450906
v -0.927953 2.159829 -1.123938
v -0.142046 2.159829 -1.487179
v -0.138582 2.159829 1.450906
v 1.152036 2.159829 0.951152
v 1.123938 2.159829 -0.927953
v -1.123938 2.159829 -0.927953
v 1.152036 2.159829 -0.951152
v 0.138582 2.159829 1.450906
v 0.951152 2.159829 1.152036
v 0.927953 2.159829 -1.123938
v -0.951152 2.159829 -1.152036
v -0.951152 2.159829 1.152036
v -1.123938 2.159829 0.927953
v 1.487179 2.159829 -0.142046
v 1.450906 2.159829 0.138582
v -1.487179 2.159829 0.142046
v -1.152036 2.159829 0.951152
v -0.927953 2.159829 1.123938
v 1.487179 2.159829 0.142046
v 1.450906 2.159829 -0.138582
v 1.019784 3.830796 0.841961
v 0.841961 3.830796 1.019784
v -1.123938 5.260248 -0.927953
v -1.009769 3.946681 -0.833692
v 1.316453 3.830796 -0.125740
v 1.316453 3.830796 0.125740
v -1.034586 3.946632 0.854182
v -1.152036 5.260247 0.951152
v 0.841961 3.830796 -1.019784
v 1.019784 3.830796 -0.841961
v -1.450906 5.260248 0.138582
v -1.303524 3.946681 0.124505
v 1.034586 3.946632 -0.854182
v 1.152036 5.260247 -0.951152
v 0.125740 3.830796 -1.316453
v -0.123154 3.830796 -1.289383
v 0.123154 3.830796 -1.289383
v -0.927953 5.260248 1.123938
v 1.335561 3.946632 0.127565
v 0.824648 3.830796 -0.998814
v 0.998814 3.830796 -0.824648
v -0.833692 3.946681 1.009769
v 0.138582 5.260248 1.450906
v 1.289383 3.830796 -0.123154
v 1.289383 3.830796 0.123154
v 1.487179 5.260247 0.142046
v 0.854182 3.946632 1.034586
v 0.998814 3.830796 0.824648
v 0.824648 3.830796 0.998814
v 0.124505 3.946681 1.303524
v 1.123938 5.260248 0.927953
v 0.123154 3.830796 1.289383
v -0.123154 3.830796 1.289383
v 0.951152 5.260247 1.152036
v 1.009769 3.946681 0.833692
v -0.824648 3.830796 0.998814
v -0.998814 3.830796 0.824648
v 1.450906 5.260248 -0.138582
v 1.303524 3.946681 -0.124505
v -1.289383 3.830796 0.123154
v -1.289383 3.830796 -0.123154
v 0.927953 5.260248 -1.123938
v 0.833692 3.946681 -1.009769
v -0.998814 3.830796 -0.824648
v -0.824648 3.830796 -0.998814
v -0.138582 5.260248 -1.450906
v -0.124505 3.946681 -1.303524
v -0.951152 5.260248 1.152036
v -0.127565 3.946632 1.335561
v -0.125740 3.830796 1.316453
v 0.125740 3.830796 1.316453
v -0.854182 3.946633 1.034586
v -0.142046 5.260248 -1.487179
v -1.019784 3.830796 0.841961
v -0.841961 3.830796 1.019784
v -0.127565 3.946633 -1.335561
v -1.152036 5.260248 -0.951152
v -1.316453 3.830796 -0.125740
v -1.316453 3.830796 0.125740
v -1.034586 3.946633 -0.854182
v 0.951152 5.260248 -1.152036
v -0.841961 3.830796 -1.019784
v -1.019784 3.830796 -0.841961
v 0.854182 3.946633 -1.034586
v -0.951152 5.390296 -1.152036
v -1.487179 5.390296 0.142046
v 1.487179 5.260248 -0.142046
v 1.335561 3.946633 -0.127565
v -1.487179 5.390296 -0.142046
v 0.142046 5.390296 1.487179
v 1.152036 5.260248 0.951152
v -0.854182 3.946632 -1.034586
v -0.142046 5.390296 1.487179
v 1.152036 5.390296 0.951152
v 1.034586 3.946633 0.854182
v 0.142046 5.260248 1.487179
v 0.951152 5.390296 1.152036
v 1.487179 5.390296 -0.142046
v 0.127565 3.946633 1.335561
v -1.487179 5.260248 0.142046
v 1.487179 5.390296 0.142046
v 0.951152 5.390296 -1.152036
v -1.335561 3.946633 0.127565
v -1.152036 5.390296 -0.951152
v -0.833692 3.946680 -1.009769
v -0.142046 5.390296 -1.487179
v -0.142046 5.260247 1.487179
v -0.927953 5.260247 -1.123938
v 1.152036 5.390296 -0.951152
v -0.951152 5.390296 1.152036
v -1.303524 3.946680 -0.124505
v -1.450906 5.260247 -0.138582
v -1.152036 5.390296 0.951152
v -1.335561 3.946632 -0.127565
v 0.142046 5.390296 -1.487179
v -0.138582 5.390296 -1.450906
v -1.487179 5.260247 -0.142046
v -1.009769 3.946680 0.833692
v 0.138582 5.390296 -1.450906
v -1.123938 5.260247 0.927953
v 1.123938 5.390296 -0.927953
v 0.927953 5.390296 -1.123938
v -0.124505 3.946680 1.303524
v -0.138582 5.260247 1.450906
v 1.450906 5.390296 0.138582
v 1.450906 5.390296 -0.138582
v 0.833692 3.946680 1.009769
v 0.927953 5.260247 1.123938
v 0.927953 5.390296 1.123938
v 1.123938 5.390296 0.927953
v 1.303524 3.946680 0.124505
v -0.951152 5.260247 -1.152036
v -0.138582 5.390296 1.450906
v 0.138582 5.390296 1.450906
v 1.450906 5.260247 0.138582
v 1.009769 3.946680 -0.833692
v -1.123938 5.390296 0.927953
v -0.927953 5.390296 1.123938
v 1.123938 5.260247 -0.927953
v 0.124505 3.946680 -1.303524
v -1.450906 5.390296 -0.138582
v -1.450906 5.390296 0.138582
v 0.138582 5.260247 -1.450906
v 0.127565 3.946632 -1.335561
v -0.927953 5.390296 -1.123938
v -1.123938 5.390296 -0.927953
v 0.142046 5.260247 -1.487179
v -1.487179 5.501764 -0.142046
v 0.142046 5.501764 -1.487179
v -1.450906 5.501764 -0.138582
v 0.951152 5.501764 -1.152036
v 0.927953 5.501764 1.123938
v 0.142046 5.501764 1.487179
v -0.138582 5.501764 -1.450906
v -1.450906 5.501764 0.138582
v -1.152036 5.501764 -0.951152
v 1.123938 5.501764 0.927953
v -0.142046 5.501764 1.487179
v 0.138582 5.501764 -1.450906
v -0.927953 5.501764 -1.123938
v -0.142046 5.501764 -1.487179
v -0.138582 5.501764 1.450906
v 1.152036 5.501764 0.951152
v 1.123938 5.501764 -0.927953
v -1.123938 5.501764 -0.927953
v 1.152036 5.501764 -0.951152
v 0.138582 5.501764 1.450906
v 0.951152 5.501764 1.152036
v 0.927953 5.501764 -1.123938
v -0.951152 5.501764 -1.152036
v -0.951152 5.501764 1.152036
v -1.123938 5.501764 0.927953
v 1.487179 5.501764 -0.142046
v 1.450906 5.501764 0.138582
v -1.487179 5.501764 0.142046
v -1.152036 5.501764 0.951152
v -0.927953 5.501764 1.123938
v 1.487179 5.501764 0.142046
v 1.450906 5.501764 -0.138582
v 0.000000 3.714151 1.344891
v 0.000000 3.830796 1.337435
v 0.000000 3.947442 1.344891
v 0.000000 3.985152 1.575947
v 0.109146 3.939942 1.575947
v 0.000000 3.938394 1.398411
v 0.000000 3.954965 1.575947
v 0.076083 3.906879 1.398411
v 0.087800 3.918596 1.575947
v 0.107598 3.830797 1.398411
v 0.124168 3.830797 1.575947
v 0.076083 3.754714 1.398411
v 0.087800 3.742997 1.575947
v 0.000000 3.723199 1.398411
v 0.000000 3.706628 1.575947
v -0.076083 3.754714 1.398411
v -0.087800 3.742997 1.575947
v -0.107598 3.830797 1.398411
v -0.124168 3.830797 1.575947
v -0.076083 3.906879 1.398411
v -0.087800 3.918596 1.575947
v 0.154355 3.830797 1.575947
v 0.109146 3.721651 1.575947
v 0.000000 3.676441 1.575947
v -0.109146 3.721651 1.575947
v -0.154355 3.830797 1.575947
v -0.109146 3.939942 1.575947
v 0.000000 3.985152 2.544650
v -0.109146 3.939942 2.544650
v -0.154355 3.830797 2.544650
v -0.109146 3.721651 2.544650
v 0.000000 3.676441 2.544650
v 0.109146 3.721651 2.544650
v 0.154355 3.830797 2.544650
v 0.109146 3.939942 2.544650
v 0.000000 4.021677 2.544650
v -0.134973 3.965770 2.544650
v -0.190881 3.830797 2.544650
v -0.134973 3.695823 2.544650
v 0.000000 3.639915 2.544650
v 0.134974 3.695823 2.544650
v 0.190881 3.830797 2.544650
v 0.134974 3.965770 2.544650
v 0.000000 4.021677 2.561735
v -0.134973 3.965770 2.561735
v -0.190881 3.830797 2.561735
v -0.134973 3.695823 2.561735
v 0.000000 3.639915 2.561735
v 0.134974 3.695823 2.561735
v 0.190881 3.830797 2.561735
v 0.134974 3.965770 2.561735
v -1.520792 4.539797 2.544650
v -1.576700 4.404824 2.544650
v -0.287016 2.947006 2.561735
v -0.287016 2.947006 2.544650
v -0.421990 3.002915 2.544650
v -0.421990 3.002915 2.561735
v -0.883791 4.117810 2.561735
v -0.883791 4.117810 2.544650
v -0.827883 4.252783 2.544650
v -0.827883 4.252783 2.561735
v 0.287013 4.714587 2.561735
v 0.287013 4.714587 2.544650
v 0.421987 4.658679 2.544650
v 0.421987 4.658679 2.561735
v 0.883791 3.543784 2.544650
v 0.827883 3.408811 2.544650
v 0.883791 3.543784 2.561735
v 0.827883 3.408811 2.561735
v -0.537336 3.974303 2.544650
v -0.481428 4.109276 2.544650
v -0.481428 4.109276 2.561735
v -0.537336 3.974303 2.561735
v 0.143506 4.368132 2.544650
v 0.278480 4.312224 2.544650
v 0.143506 4.368132 2.561735
v 0.278480 4.312224 2.561735
v 0.481428 3.552317 2.544650
v 0.537336 3.687290 2.544650
v 0.537336 3.687290 2.561735
v 0.481428 3.552317 2.561735
v -0.143508 3.293460 2.544650
v -0.278482 3.349369 2.544650
v -0.143508 3.293460 2.561735
v -0.278482 3.349369 2.561735
v 0.101756 3.729041 2.060298
v 0.000000 3.686892 2.060298
v 0.143904 3.830797 2.060298
v -0.101755 3.932552 2.060298
v 0.000000 3.974700 2.060298
v -0.101755 3.729041 2.060298
v -0.143904 3.830797 2.060298
v 0.101756 3.932552 2.060298
v 0.000000 3.954965 1.288649
v 0.087800 3.918596 1.288649
v 0.124168 3.830797 1.288649
v 0.087800 3.742997 1.288649
v 0.000000 3.706628 1.288649
v -0.087800 3.742997 1.288649
v -0.124168 3.830797 1.288649
v -0.087800 3.918596 1.288649
v -1.275632 0.000000 -1.471616
v -0.138582 0.000000 -1.942598
v -1.275632 0.242475 -1.471616
v -1.275632 1.612113 -1.471616
v -0.138582 0.242475 -1.942598
v -0.138582 1.612113 -1.942598
v -0.496055 0.000000 -0.496055
v 0.762656 0.242475 1.684097
v -0.132918 0.000000 0.132918
v 0.762656 0.000000 1.684097
v -0.209658 0.000000 0.000000
v -1.101047 0.000000 -1.543931
v -0.313166 0.000000 -1.870282
v -1.076736 0.256124 -1.554001
v -1.076736 0.205920 -1.554001
v -1.076736 1.363931 -1.554001
v -0.337477 0.256124 -1.860212
v -0.337477 1.363931 -1.860212
v -0.337477 0.205920 -1.860212
v -1.076736 0.028613 -1.554001
v -0.337477 0.028613 -1.860212
v -1.076736 0.000000 -1.554001
v -0.337477 0.000000 -1.860212
v -1.094414 0.256124 -1.596679
v -1.094414 0.205920 -1.596679
v -1.118725 0.242475 -1.586609
v -1.118725 0.188969 -1.586609
v -1.118725 1.423144 -1.586609
v -0.330844 0.242475 -1.912960
v -0.330844 1.423144 -1.912960
v -0.330844 0.188969 -1.912960
v -1.118725 0.000000 -1.586609
v -0.355155 0.000000 -1.902890
v -0.330844 0.000000 -1.912960
v -1.094414 1.363931 -1.596679
v -0.355155 0.256124 -1.902890
v -0.355155 1.363931 -1.902890
v -0.355155 0.205920 -1.902890
v -1.094414 0.028613 -1.596679
v -0.355155 0.028613 -1.902890
v -1.094414 0.000000 -1.596679
v 0.555925 4.982037 2.544650
v 0.555925 4.982037 2.561735
v 0.420952 5.037945 2.561735
v 0.420952 5.037945 2.544650
v -1.151240 4.386723 2.561735
v -1.207148 4.251750 2.561735
v -1.151240 4.386723 2.544650
v -1.207148 4.251750 2.544650
v -0.555931 2.679558 2.544650
v -0.555931 2.679558 2.561735
v -0.420957 2.623649 2.561735
v -0.420957 2.623649 2.544650
v 1.151241 3.274872 2.544650
v 1.151241 3.274872 2.561735
v 1.207149 3.409845 2.561735
v 1.207149 3.409845 2.544650
v -0.323901 2.132168 2.526193
v -0.211294 2.620697 2.526193
v -0.669802 2.958536 2.526193
v -1.010477 2.329294 2.526193
v -0.169412 2.677538 2.526193
v -0.627920 3.015378 2.526193
v -0.552693 1.375137 2.526193
v -0.343385 2.064305 2.526193
v -1.277975 1.835593 2.526193
v -1.029962 2.261431 2.526193
v -1.315817 1.775986 2.526193
v -0.590535 1.315531 2.526193
v -0.323901 2.132168 2.578693
v -1.010477 2.329294 2.578693
v -0.669802 2.958536 2.578693
v -1.315817 1.775986 2.578693
v -1.277975 1.835593 2.578693
v -0.169412 2.677538 2.578693
v -0.211294 2.620697 2.578693
v -0.627920 3.015378 2.578693
v -0.552693 1.375137 2.578693
v -1.029962 2.261431 2.578693
v -0.343385 2.064305 2.578693
v -0.590535 1.315531 2.578693
v -0.340712 2.135245 2.540575
v -0.221213 2.630095 2.540575
v -0.657888 2.951846 2.540575
v -0.994594 2.322985 2.540575
v -0.181326 2.684229 2.540575
v 0.011715 3.330812 2.540575
v -0.618000 3.005980 2.540575
v -0.362012 3.485615 2.540575
v -0.570863 1.384681 2.540575
v -0.359268 2.070614 2.540575
v -1.261608 1.823210 2.540575
v -1.013151 2.258354 2.540575
v -1.620366 1.168323 2.540575
v -1.297648 1.766442 2.540575
v -0.737061 0.802448 2.540575
v -0.606903 1.327913 2.540575
v -0.358611 2.165997 2.540575
v -0.248982 2.619977 2.540575
v -0.649604 2.915164 2.540575
v -0.958505 2.338235 2.540575
v -0.194901 2.724810 2.540575
v -0.018229 3.316569 2.540575
v -0.586258 3.013171 2.540575
v -0.350806 3.454327 2.540575
v -0.584884 1.422742 2.540575
v -0.390192 2.053881 2.540575
v -1.228582 1.831403 2.540575
v -1.001360 2.229356 2.540575
v -1.585752 1.180632 2.540575
v -1.288532 1.731495 2.540575
v -0.754077 0.836142 2.540575
v -0.635059 1.316629 2.540575
v -0.624455 1.339056 2.540575
v -0.595488 1.400315 2.540575
v -0.383517 2.077576 2.540575
v -0.365285 2.142301 2.540575
v -0.206331 2.702653 2.540575
v -0.237552 2.642133 2.540575
v -0.636216 2.935878 2.540575
v -0.599646 2.992457 2.540575
v -0.992302 2.252367 2.540575
v -0.967562 2.315223 2.540575
v -1.241252 1.810287 2.540575
v -1.275861 1.752610 2.540575
v -0.358611 2.165997 2.562334
v -0.248982 2.619977 2.562334
v -0.958505 2.338235 2.562334
v -0.649604 2.915164 2.562334
v -0.194901 2.724810 2.562334
v -0.018229 3.316569 2.562334
v -0.586258 3.013171 2.562334
v -0.350806 3.454327 2.562334
v -0.584884 1.422742 2.562334
v -0.390192 2.053881 2.562334
v -1.228582 1.831403 2.562334
v -1.001360 2.229356 2.562334
v -1.585752 1.180632 2.562334
v -1.288532 1.731495 2.562334
v -0.754077 0.836142 2.562334
v -0.635059 1.316629 2.562334
v -0.340712 2.135245 2.562334
v -0.221213 2.630095 2.562334
v -0.237552 2.642133 2.562334
v -0.365285 2.142301 2.562334
v -0.994594 2.322985 2.562334
v -0.657888 2.951846 2.562334
v -0.181326 2.684229 2.562334
v 0.011715 3.330812 2.562334
v -0.618000 3.005980 2.562334
v -0.362012 3.485615 2.562334
v -0.206331 2.702653 2.562334
v -0.570863 1.384681 2.562334
v -0.359268 2.070614 2.562334
v -0.595488 1.400315 2.562334
v -0.383517 2.077576 2.562334
v -1.261608 1.823210 2.562334
v -1.013151 2.258354 2.562334
v -1.620366 1.168323 2.562334
v -1.297648 1.766442 2.562334
v -0.737061 0.802448 2.562334
v -0.606903 1.327913 2.562334
v -0.624455 1.339056 2.562334
v -0.636216 2.935878 2.562334
v -0.599646 2.992457 2.562334
v -0.992302 2.252367 2.562334
v -0.967562 2.315223 2.562334
v -1.241252 1.810287 2.562334
v -1.275861 1.752610 2.562334
v -0.011803 3.340554 2.540575
v -0.011803 3.340554 2.562334
v -0.331965 3.473169 2.562334
v -0.331965 3.473169 2.540575
v -1.016132 2.334719 2.540575
v -0.679426 2.963580 2.540575
v -0.639538 3.017715 2.540575
v -0.383550 3.497349 2.540575
v -1.283146 1.834945 2.540575
v -1.034689 2.270088 2.540575
v -1.641904 1.180058 2.540575
v -1.319186 1.778177 2.540575
v -1.016132 2.334719 2.562334
v -0.679426 2.963580 2.562334
v -0.639538 3.017715 2.562334
v -0.383550 3.497349 2.562334
v -1.283146 1.834945 2.562334
v -1.034689 2.270088 2.562334
v -1.641904 1.180058 2.562334
v -1.319186 1.778177 2.562334
v -0.722604 0.798489 2.540575
v -0.592446 1.323954 2.540575
v -0.722604 0.798489 2.562334
v -0.592446 1.323954 2.562334
v -0.318641 2.129202 2.540575
v -0.199143 2.624051 2.540575
v -0.159255 2.678185 2.540575
v 0.033786 3.324769 2.540575
v -0.548792 1.378638 2.540575
v -0.337197 2.064571 2.540575
v -0.714991 0.796405 2.540575
v -0.584832 1.321869 2.540575
v -0.337197 2.064571 2.562334
v -0.548792 1.378638 2.562334
v -0.318641 2.129202 2.562334
v -0.199143 2.624051 2.562334
v -0.159255 2.678185 2.562334
v 0.033786 3.324769 2.562334
v -0.714991 0.796405 2.562334
v -0.584832 1.321869 2.562334
v 1.698893 3.507160 2.526193
v 1.210363 3.619767 2.526193
v 0.872524 3.161259 2.526193
v 1.501767 2.820584 2.526193
v 1.153522 3.661649 2.526193
v 0.815683 3.203141 2.526193
v 2.455923 3.278368 2.526193
v 1.766755 3.487676 2.526193
v 1.995468 2.553086 2.526193
v 1.569629 2.801099 2.526193
v 2.055075 2.515244 2.526193
v 2.515530 3.240525 2.526193
v 1.698893 3.507160 2.578693
v 1.501767 2.820584 2.578693
v 0.872524 3.161259 2.578693
v 2.055075 2.515244 2.578693
v 1.995468 2.553086 2.578693
v 1.153522 3.661649 2.578693
v 1.210363 3.619767 2.578693
v 0.815683 3.203141 2.578693
v 2.455923 3.278368 2.578693
v 1.569629 2.801099 2.578693
v 1.766755 3.487676 2.578693
v 2.515530 3.240525 2.578693
v 1.695815 3.490349 2.540575
v 1.200966 3.609847 2.540575
v 0.879215 3.173173 2.540575
v 1.508076 2.836467 2.540575
v 1.146832 3.649735 2.540575
v 0.500248 3.842775 2.540575
v 0.825080 3.213061 2.540575
v 0.345446 3.469049 2.540575
v 2.446379 3.260198 2.540575
v 1.760446 3.471793 2.540575
v 2.007850 2.569453 2.540575
v 1.572707 2.817910 2.540575
v 2.662737 2.210696 2.540575
v 2.064619 2.533413 2.540575
v 3.028612 3.094000 2.540575
v 2.503148 3.224158 2.540575
v 1.665064 3.472450 2.540575
v 1.211084 3.582079 2.540575
v 0.915897 3.181457 2.540575
v 1.492826 2.872556 2.540575
v 1.106251 3.636159 2.540575
v 0.514491 3.812832 2.540575
v 0.817890 3.244802 2.540575
v 0.376733 3.480254 2.540575
v 2.408318 3.246177 2.540575
v 1.777179 3.440869 2.540575
v 1.999658 2.602479 2.540575
v 1.601704 2.829701 2.540575
v 2.650429 2.245309 2.540575
v 2.099566 2.542529 2.540575
v 2.994918 3.076984 2.540575
v 2.514431 3.196002 2.540575
v 2.492004 3.206606 2.540575
v 2.430746 3.235572 2.540575
v 1.753484 3.447544 2.540575
v 1.688760 3.465775 2.540575
v 1.128407 3.624730 2.540575
v 1.188927 3.593509 2.540575
v 0.895183 3.194845 2.540575
v 0.838604 3.231415 2.540575
v 1.578693 2.838758 2.540575
v 1.515837 2.863499 2.540575
v 2.020773 2.589808 2.540575
v 2.078450 2.555200 2.540575
v 1.665064 3.472450 2.562334
v 1.211084 3.582079 2.562334
v 1.492826 2.872556 2.562334
v 0.915897 3.181457 2.562334
v 1.106251 3.636159 2.562334
v 0.514491 3.812832 2.562334
v 0.817890 3.244802 2.562334
v 0.376733 3.480254 2.562334
v 2.408318 3.246177 2.562334
v 1.777179 3.440869 2.562334
v 1.999658 2.602479 2.562334
v 1.601704 2.829701 2.562334
v 2.650429 2.245309 2.562334
v 2.099566 2.542529 2.562334
v 2.994918 3.076984 2.562334
v 2.514431 3.196002 2.562334
v 1.695815 3.490349 2.562334
v 1.200966 3.609847 2.562334
v 1.188927 3.593509 2.562334
v 1.688760 3.465775 2.562334
v 1.508076 2.836467 2.562334
v 0.879215 3.173173 2.562334
v 1.146832 3.649735 2.562334
v 0.500248 3.842775 2.562334
v 0.825080 3.213061 2.562334
v 0.345446 3.469049 2.562334
v 1.128407 3.624730 2.562334
v 2.446379 3.260198 2.562334
v 1.760446 3.471793 2.562334
v 2.430746 3.235572 2.562334
v 1.753484 3.447544 2.562334
v 2.007850 2.569453 2.562334
v 1.572707 2.817910 2.562334
v 2.662737 2.210696 2.562334
v 2.064619 2.533413 2.562334
v 3.028612 3.094000 2.562334
v 2.503148 3.224158 2.562334
v 2.492004 3.206606 2.562334
v 0.895183 3.194845 2.562334
v 0.838604 3.231415 2.562334
v 1.578693 2.838758 2.562334
v 1.515837 2.863499 2.562334
v 2.020773 2.589808 2.562334
v 2.078450 2.555200 2.562334
v 0.490507 3.819258 2.540575
v 0.490507 3.819258 2.562334
v 0.357892 3.499095 2.562334
v 0.357892 3.499095 2.540575
v 1.496341 2.814929 2.540575
v 0.867480 3.151635 2.540575
v 0.813346 3.191523 2.540575
v 0.333712 3.447510 2.540575
v 1.996116 2.547915 2.540575
v 1.560972 2.796372 2.540575
v 2.651002 2.189157 2.540575
v 2.052884 2.511875 2.540575
v 1.496341 2.814929 2.562334
v 0.867480 3.151635 2.562334
v 0.813346 3.191523 2.562334
v 0.333712 3.447510 2.562334
v 1.996116 2.547915 2.562334
v 1.560972 2.796372 2.562334
v 2.651002 2.189157 2.562334
v 2.052884 2.511875 2.562334
v 3.032571 3.108457 2.540575
v 2.507106 3.238615 2.540575
v 3.032571 3.108457 2.562334
v 2.507106 3.238615 2.562334
v 1.701859 3.512420 2.540575
v 1.207010 3.631918 2.540575
v 1.152875 3.671805 2.540575
v 0.506292 3.864846 2.540575
v 2.452423 3.282269 2.540575
v 1.766490 3.493864 2.540575
v 3.034656 3.116071 2.540575
v 2.509191 3.246229 2.540575
v 1.766490 3.493864 2.562334
v 2.452423 3.282269 2.562334
v 1.701859 3.512420 2.562334
v 1.207010 3.631918 2.562334
v 1.152875 3.671805 2.562334
v 0.506292 3.864846 2.562334
v 3.034656 3.116071 2.562334
v 2.509191 3.246229 2.562334
v 0.323901 5.529954 2.526193
v 0.211294 5.041424 2.526193
v 0.669802 4.703585 2.526193
v 1.010477 5.332828 2.526193
v 0.169412 4.984583 2.526193
v 0.627920 4.646744 2.526193
v 0.552693 6.286984 2.526193
v 0.343385 5.597816 2.526193
v 1.277975 5.826529 2.526193
v 1.029962 5.400690 2.526193
v 1.315818 5.886136 2.526193
v 0.590535 6.346591 2.526193
v 0.323901 5.529954 2.578693
v 1.010477 5.332828 2.578693
v 0.669802 4.703585 2.578693
v 1.315818 5.886136 2.578693
v 1.277975 5.826529 2.578693
v 0.169412 4.984583 2.578693
v 0.211294 5.041424 2.578693
v 0.627920 4.646744 2.578693
v 0.552693 6.286984 2.578693
v 1.029962 5.400690 2.578693
v 0.343385 5.597816 2.578693
v 0.590535 6.346591 2.578693
v 0.340712 5.526876 2.540575
v 0.221213 5.032027 2.540575
v 0.657888 4.710276 2.540575
v 0.994594 5.339137 2.540575
v 0.181326 4.977892 2.540575
v -0.011715 4.331309 2.540575
v 0.618000 4.656141 2.540575
v 0.362012 4.176507 2.540575
v 0.570863 6.277440 2.540575
v 0.359268 5.591507 2.540575
v 1.261608 5.838912 2.540575
v 1.013151 5.403768 2.540575
v 1.620366 6.493798 2.540575
v 1.297648 5.895679 2.540575
v 0.737061 6.859674 2.540575
v 0.606903 6.334208 2.540575
v 0.358611 5.496125 2.540575
v 0.248982 5.042145 2.540575
v 0.649604 4.746957 2.540575
v 0.958505 5.323886 2.540575
v 0.194901 4.937312 2.540575
v 0.018229 4.345552 2.540575
v 0.586258 4.648951 2.540575
v 0.350806 4.207794 2.540575
v 0.584884 6.239379 2.540575
v 0.390192 5.608240 2.540575
v 1.228582 5.830719 2.540575
v 1.001360 5.432765 2.540575
v 1.585752 6.481490 2.540575
v 1.288532 5.930627 2.540575
v 0.754076 6.825980 2.540575
v 0.635059 6.345492 2.540575
v 0.624455 6.323066 2.540575
v 0.595488 6.261806 2.540575
v 0.383517 5.584545 2.540575
v 0.365285 5.519821 2.540575
v 0.206331 4.959468 2.540575
v 0.237552 5.019988 2.540575
v 0.636216 4.726244 2.540575
v 0.599646 4.669665 2.540575
v 0.992302 5.409754 2.540575
v 0.967562 5.346898 2.540575
v 1.241252 5.851834 2.540575
v 1.275862 5.909511 2.540575
v 0.358611 5.496125 2.562334
v 0.248982 5.042145 2.562334
v 0.958505 5.323886 2.562334
v 0.649604 4.746957 2.562334
v 0.194901 4.937312 2.562334
v 0.018229 4.345552 2.562334
v 0.586258 4.648951 2.562334
v 0.350806 4.207794 2.562334
v 0.584884 6.239379 2.562334
v 0.390192 5.608240 2.562334
v 1.228582 5.830719 2.562334
v 1.001360 5.432765 2.562334
v 1.585752 6.481490 2.562334
v 1.288532 5.930627 2.562334
v 0.754076 6.825980 2.562334
v 0.635059 6.345492 2.562334
v 0.340712 5.526876 2.562334
v 0.221213 5.032027 2.562334
v 0.237552 5.019988 2.562334
v 0.365285 5.519821 2.562334
v 0.994594 5.339137 2.562334
v 0.657888 4.710276 2.562334
v 0.181326 4.977892 2.562334
v -0.011715 4.331309 2.562334
v 0.618000 4.656141 2.562334
v 0.362012 4.176507 2.562334
v 0.206331 4.959468 2.562334
v 0.570863 6.277440 2.562334
v 0.359268 5.591507 2.562334
v 0.595488 6.261806 2.562334
v 0.383517 5.584545 2.562334
v 1.261608 5.838912 2.562334
v 1.013151 5.403768 2.562334
v 1.620366 6.493798 2.562334
v 1.297648 5.895679 2.562334
v 0.737061 6.859674 2.562334
v 0.606903 6.334208 2.562334
v 0.624455 6.323066 2.562334
v 0.636216 4.726244 2.562334
v 0.599646 4.669665 2.562334
v 0.992302 5.409754 2.562334
v 0.967562 5.346898 2.562334
v 1.241252 5.851834 2.562334
v 1.275862 5.909511 2.562334
v 0.011803 4.321568 2.540575
v 0.011803 4.321568 2.562334
v 0.331965 4.188952 2.562334
v 0.331965 4.188952 2.540575
v 1.016132 5.327402 2.540575
v 0.679426 4.698541 2.540575
v 0.639538 4.644407 2.540575
v 0.383550 4.164773 2.540575
v 1.283146 5.827177 2.540575
v 1.034689 5.392034 2.540575
v 1.641904 6.482064 2.540575
v 1.319186 5.883945 2.540575
v 1.016132 5.327402 2.562334
v 0.679426 4.698541 2.562334
v 0.639538 4.644407 2.562334
v 0.383550 4.164773 2.562334
v 1.283146 5.827177 2.562334
v 1.034689 5.392034 2.562334
v 1.641904 6.482064 2.562334
v 1.319186 5.883945 2.562334
v 0.722604 6.863632 2.540575
v 0.592446 6.338167 2.540575
v 0.722604 6.863632 2.562334
v 0.592446 6.338167 2.562334
v 0.318641 5.532920 2.540575
v 0.199143 5.038071 2.540575
v 0.159255 4.983936 2.540575
v -0.033786 4.337353 2.540575
v 0.548792 6.283484 2.540575
v 0.337197 5.597550 2.540575
v 0.714990 6.865717 2.540575
v 0.584832 6.340252 2.540575
v 0.337197 5.597550 2.562334
v 0.548792 6.283484 2.562334
v 0.318641 5.532920 2.562334
v 0.199143 5.038071 2.562334
v 0.159255 4.983936 2.562334
v -0.033786 4.337353 2.562334
v 0.714990 6.865717 2.562334
v 0.584832 6.340252 2.562334
v -1.698893 4.154962 2.526193
v -1.210363 4.042355 2.526193
v -0.872525 4.500862 2.526193
v -1.501767 4.841538 2.526193
v -1.153522 4.000473 2.526193
v -0.815683 4.458981 2.526193
v -2.455924 4.383754 2.526193
v -1.766756 4.174446 2.526193
v -1.995468 5.109036 2.526193
v -1.569629 4.861022 2.526193
v -2.055075 5.146878 2.526193
v -2.515531 4.421596 2.526193
v -1.698893 4.154962 2.578693
v -1.501767 4.841538 2.578693
v -0.872525 4.500862 2.578693
v -2.055075 5.146878 2.578693
v -1.995468 5.109036 2.578693
v -1.153522 4.000473 2.578693
v -1.210363 4.042355 2.578693
v -0.815683 4.458981 2.578693
v -2.455924 4.383754 2.578693
v -1.569629 4.861022 2.578693
v -1.766756 4.174446 2.578693
v -2.515531 4.421596 2.578693
v -1.695815 4.171772 2.540575
v -1.200966 4.052274 2.540575
v -0.879215 4.488948 2.540575
v -1.508076 4.825655 2.540575
v -1.146832 4.012387 2.540575
v -0.500248 3.819346 2.540575
v -0.825080 4.449061 2.540575
v -0.345446 4.193073 2.540575
v -2.446380 4.401924 2.540575
v -1.760447 4.190329 2.540575
v -2.007851 5.092669 2.540575
v -1.572707 4.844212 2.540575
v -2.662738 5.451427 2.540575
v -2.064619 5.128708 2.540575
v -3.028613 4.568122 2.540575
v -2.503148 4.437964 2.540575
v -1.665064 4.189672 2.540575
v -1.211084 4.080042 2.540575
v -0.915897 4.480664 2.540575
v -1.492826 4.789565 2.540575
v -1.106251 4.025962 2.540575
v -0.514491 3.849289 2.540575
v -0.817890 4.417319 2.540575
v -0.376733 4.181867 2.540575
v -2.408319 4.415945 2.540575
v -1.777180 4.221253 2.540575
v -1.999658 5.059643 2.540575
v -1.601705 4.832420 2.540575
v -2.650429 5.416813 2.540575
v -2.099566 5.119592 2.540575
v -2.994919 4.585137 2.540575
v -2.514432 4.466120 2.540575
v -2.492005 4.455515 2.540575
v -2.430746 4.426549 2.540575
v -1.753484 4.214578 2.540575
v -1.688760 4.196346 2.540575
v -1.128407 4.037392 2.540575
v -1.188927 4.068613 2.540575
v -0.895183 4.467277 2.540575
v -0.838604 4.430707 2.540575
v -1.578693 4.823363 2.540575
v -1.515837 4.798623 2.540575
v -2.020774 5.072313 2.540575
v -2.078450 5.106922 2.540575
v -1.665064 4.189672 2.562334
v -1.211084 4.080042 2.562334
v -1.492826 4.789565 2.562334
v -0.915897 4.480664 2.562334
v -1.106251 4.025962 2.562334
v -0.514491 3.849289 2.562334
v -0.817890 4.417319 2.562334
v -0.376733 4.181867 2.562334
v -2.408319 4.415945 2.562334
v -1.777180 4.221253 2.562334
v -1.999658 5.059643 2.562334
v -1.601705 4.832420 2.562334
v -2.650429 5.416813 2.562334
v -2.099566 5.119592 2.562334
v -2.994919 4.585137 2.562334
v -2.514432 4.466120 2.562334
v -1.695815 4.171772 2.562334
v -1.200966 4.052274 2.562334
v -1.188927 4.068613 2.562334
v -1.688760 4.196346 2.562334
v -1.508076 4.825655 2.562334
v -0.879215 4.488948 2.562334
v -1.146832 4.012387 2.562334
v -0.500248 3.819346 2.562334
v -0.825080 4.449061 2.562334
v -0.345446 4.193073 2.562334
v -1.128407 4.037392 2.562334
v -2.446380 4.401924 2.562334
v -1.760447 4.190329 2.562334
v -2.430746 4.426549 2.562334
v -1.753484 4.214578 2.562334
v -2.007851 5.092669 2.562334
v -1.572707 4.844212 2.562334
v -2.662738 5.451427 2.562334
v -2.064619 5.128708 2.562334
v -3.028613 4.568122 2.562334
v -2.503148 4.437964 2.562334
v -2.492005 4.455515 2.562334
v -0.895183 4.467277 2.562334
v -0.838604 4.430707 2.562334
v -1.578693 4.823363 2.562334
v -1.515837 4.798623 2.562334
v -2.020774 5.072313 2.562334
v -2.078450 5.106922 2.562334
v -0.490507 3.842863 2.540575
v -0.490507 3.842863 2.562334
v -0.357892 4.163026 2.562334
v -0.357892 4.163026 2.540575
v -1.496342 4.847193 2.540575
v -0.867480 4.510487 2.540575
v -0.813346 4.470599 2.540575
v -0.333712 4.214611 2.540575
v -1.996116 5.114206 2.540575
v -1.560973 4.865749 2.540575
v -2.651003 5.472964 2.540575
v -2.052885 5.150247 2.540575
v -1.496342 4.847193 2.562334
v -0.867480 4.510487 2.562334
v -0.813346 4.470599 2.562334
v -0.333712 4.214611 2.562334
v -1.996116 5.114206 2.562334
v -1.560973 4.865749 2.562334
v -2.651003 5.472964 2.562334
v -2.052885 5.150247 2.562334
v -3.032571 4.553665 2.540575
v -2.507107 4.423507 2.540575
v -3.032571 4.553665 2.562334
v -2.507107 4.423507 2.562334
v -1.701859 4.149702 2.540575
v -1.207010 4.030203 2.540575
v -1.152875 3.990316 2.540575
v -0.506292 3.797275 2.540575
v -2.452423 4.379853 2.540575
v -1.766490 4.168258 2.540575
v -3.034656 4.546052 2.540575
v -2.509191 4.415893 2.540575
v -1.766490 4.168258 2.562334
v -2.452423 4.379853 2.562334
v -1.701859 4.149702 2.562334
v -1.207010 4.030203 2.562334
v -1.152875 3.990316 2.562334
v -0.506292 3.797275 2.562334
v -3.034656 4.546052 2.562334
v -2.509191 4.415893 2.562334
vn -0.0000 -1.0000 -0.0000
vn -0.0000 1.0000 -0.0000
vn -0.6977 0.1628 -0.6977
vn -0.6977 0.1628 0.6977
vn -0.1177 0.1136 0.9865
vn 0.6977 0.1628 0.6977
vn 0.9867 0.1628 -0.0000
vn 0.2784 0.9471 -0.1598
vn -0.0839 0.9471 0.3098
vn 0.1598 0.9471 0.2784
vn -0.1598 0.9471 -0.2784
vn -0.9867 0.1628 -0.0000
vn -0.2784 0.9471 0.1598
vn -0.3098 0.9471 -0.0839
vn 0.6977 0.1628 -0.6977
vn 0.9176 0.1164 -0.3801
vn 0.3098 0.9471 0.0839
vn 0.2784 0.9471 0.1598
vn 0.3406 0.9295 0.1411
vn 0.2799 0.9388 0.2009
vn 0.4097 0.8776 0.2491
vn 0.3400 0.9388 0.0558
vn 0.4658 0.8776 0.1135
vn 0.4169 0.8924 0.1727
vn -0.2784 0.9471 -0.1598
vn -0.3406 0.9295 -0.1411
vn -0.2799 0.9388 -0.2009
vn -0.4097 0.8776 -0.2491
vn -0.3400 0.9388 -0.0558
vn -0.4658 0.8776 -0.1135
vn -0.4169 0.8924 -0.1727
vn -0.3098 0.9471 0.0839
vn -0.3406 0.9295 0.1411
vn -0.3400 0.9388 0.0558
vn -0.4658 0.8776 0.1135
vn -0.2799 0.9388 0.2009
vn -0.4097 0.8776 0.2491
vn -0.4169 0.8924 0.1727
vn 0.0839 0.9471 -0.3098
vn 0.1135 0.8776 -0.4658
vn 0.0558 0.9388 -0.3400
vn 0.1411 0.9295 -0.3406
vn 0.1727 0.8924 -0.4169
vn 0.2491 0.8776 -0.4097
vn 0.2009 0.9388 -0.2799
vn 0.1598 0.9471 -0.2784
vn -0.0839 0.9471 -0.3098
vn -0.1411 0.9295 -0.3406
vn -0.0558 0.9388 -0.3400
vn -0.1135 0.8776 -0.4658
vn -0.2009 0.9388 -0.2799
vn -0.2491 0.8776 -0.4097
vn -0.1727 0.8924 -0.4169
vn 0.0839 0.9471 0.3098
vn 0.1411 0.9295 0.3406
vn 0.0558 0.9388 0.3400
vn 0.1135 0.8776 0.4658
vn 0.2009 0.9388 0.2799
vn 0.2491 0.8776 0.4097
vn 0.1727 0.8924 0.4169
vn -0.1598 0.9471 0.2784
vn -0.1411 0.9295 0.3406
vn -0.2009 0.9388 0.2799
vn -0.2491 0.8776 0.4097
vn -0.0558 0.9388 0.3400
vn -0.1135 0.8776 0.4658
vn -0.1727 0.8924 0.4169
vn 0.3098 0.9471 -0.0839
vn 0.3406 0.9295 -0.1411
vn 0.3400 0.9388 -0.0558
vn 0.4658 0.8776 -0.1135
vn 0.2799 0.9388 -0.2009
vn 0.4097 0.8776 -0.2491
vn 0.4169 0.8924 -0.1727
vn 0.4078 0.8973 -0.1689
vn -0.2941 0.8701 0.3955
vn -0.1676 0.8991 -0.4045
vn -0.4078 0.8973 0.1689
vn 0.4078 0.8973 0.1689
vn -0.4078 0.8973 -0.1689
vn -0.4815 0.8534 -0.1995
vn -0.7100 0.6844 -0.1659
vn 0.4815 0.8534 0.1995
vn 0.7100 0.6844 0.1659
vn -0.4815 0.8534 0.1995
vn -0.6194 0.6844 0.3848
vn -0.2016 0.8500 -0.4867
vn -0.1704 0.7310 -0.6607
vn 0.2021 0.8499 -0.4867
vn -0.1012 0.8631 0.4947
vn 0.2134 0.8141 0.5401
vn -0.1806 0.7350 0.6535
vn 0.4815 0.8534 -0.1995
vn 0.6194 0.6844 -0.3848
vn 0.7100 0.6844 -0.1659
vn 0.6465 0.7144 -0.2678
vn 0.7778 0.5396 -0.3222
vn 0.5732 0.8151 -0.0847
vn 0.5596 0.7957 -0.2318
vn 0.4652 0.8151 -0.3454
vn 0.4903 0.8689 -0.0682
vn 0.5595 0.8222 -0.1042
vn 0.1704 0.7310 0.6607
vn 0.3966 0.6860 0.6100
vn 0.3625 0.5477 0.7541
vn 0.2016 0.8500 0.4867
vn 0.1689 0.8973 0.4078
vn 0.3284 0.8230 0.4636
vn 0.1676 0.8991 0.4045
vn 0.1956 0.8595 0.4723
vn 0.1182 0.8664 0.4852
vn 0.2277 0.8184 -0.5276
vn 0.2899 0.8339 -0.4697
vn 0.2941 0.8701 -0.3955
vn -0.3966 0.6860 -0.6100
vn -0.3625 0.5477 -0.7541
vn 0.1806 0.7350 -0.6535
vn -0.2941 0.8701 -0.3955
vn -0.3284 0.8230 -0.4636
vn -0.2277 0.8184 -0.5276
vn -0.7100 0.6844 0.1659
vn -0.6465 0.7144 0.2678
vn -0.7778 0.5396 0.3222
vn -0.5732 0.8151 0.0847
vn -0.5596 0.7957 0.2318
vn -0.4652 0.8151 0.3454
vn -0.4903 0.8689 0.0682
vn -0.5595 0.8222 0.1042
vn 0.6194 0.6844 0.3848
vn 0.6465 0.7144 0.2678
vn 0.7778 0.5396 0.3222
vn 0.4652 0.8151 0.3454
vn 0.5596 0.7957 0.2318
vn 0.5732 0.8151 0.0847
vn 0.3949 0.8689 0.2984
vn 0.4693 0.8222 0.3220
vn -0.6194 0.6844 -0.3848
vn -0.6465 0.7144 -0.2678
vn -0.7778 0.5396 -0.3222
vn -0.4652 0.8151 -0.3454
vn -0.5596 0.7957 -0.2318
vn -0.5732 0.8151 -0.0847
vn -0.3949 0.8689 -0.2984
vn -0.4693 0.8222 -0.3220
vn -0.4903 0.8689 -0.0682
vn -0.5595 0.8222 -0.1042
vn 0.4903 0.8689 0.0682
vn 0.5595 0.8222 0.1042
vn -0.3949 0.8689 0.2984
vn -0.4693 0.8222 0.3220
vn -0.2017 0.8498 -0.4871
vn -0.0954 0.8685 -0.4864
vn 0.2017 0.8498 -0.4871
vn -0.2021 0.8499 0.4867
vn -0.0420 0.8397 0.5414
vn -0.2899 0.8339 0.4697
vn 0.3949 0.8689 -0.2984
vn 0.4693 0.8222 -0.3220
vn -0.9955 -0.0000 -0.0951
vn 0.7711 -0.0000 -0.6367
vn -0.3805 0.1071 -0.9186
vn -0.0951 -0.0000 0.9955
vn 0.0712 -0.0000 -0.9975
vn -0.6550 -0.0000 0.7556
vn -0.9975 -0.0000 -0.0712
vn -0.0000 -0.0000 1.0000
vn 0.9975 -0.0000 -0.0712
vn 0.7071 -0.0000 0.7071
vn 0.6550 -0.0000 -0.7556
vn 1.0000 -0.0000 -0.0000
vn -0.0000 -0.0000 -1.0000
vn 0.7071 -0.0000 -0.7071
vn -0.7071 -0.0000 0.7071
vn -1.0000 -0.0000 -0.0000
vn 0.6367 -0.0000 0.7711
vn -0.7556 -0.0000 -0.6550
vn -0.3801 0.1164 -0.9176
vn -0.9975 -0.0000 0.0712
vn 0.0951 -0.0000 -0.9955
vn 0.9975 -0.0000 0.0712
vn -0.7711 -0.0000 0.6367
vn 0.0712 -0.0000 0.9975
vn 0.3046 -0.0563 -0.9508
vn 0.9955 -0.0000 0.0951
vn -0.9409 0.0756 0.3302
vn 0.9508 -0.0563 -0.3046
vn -0.6367 -0.0000 -0.7711
vn 0.7556 -0.0000 0.6550
vn -0.0954 0.8685 0.4864
vn -0.1676 0.8991 0.4045
vn -0.3625 0.5477 0.7541
vn -0.1704 0.7310 0.6607
vn 0.1137 0.8707 0.4784
vn 0.1806 0.7350 0.6535
vn 0.0526 0.8321 0.5521
vn 0.2899 0.8339 0.4697
vn 0.1803 0.8536 0.4888
vn 0.2941 0.8701 0.3955
vn -0.2277 0.8184 0.5276
vn -0.2017 0.8498 0.4871
vn -0.3966 0.6860 0.6100
vn -0.3284 0.8230 0.4636
vn -0.2016 0.8500 0.4867
vn -0.1689 0.8973 0.4078
vn -0.1689 0.8973 -0.4078
vn 0.1689 0.8973 -0.4078
vn 0.3284 0.8230 -0.4636
vn 0.2016 0.8500 -0.4867
vn 0.3966 0.6860 -0.6100
vn 0.1012 0.8631 -0.4947
vn 0.0420 0.8397 -0.5414
vn 0.0954 0.8685 -0.4864
vn 0.1676 0.8991 -0.4045
vn 0.1704 0.7310 -0.6607
vn 0.3625 0.5477 -0.7541
vn -0.1806 0.7350 -0.6535
vn -0.0420 0.8397 -0.5414
vn -0.1012 0.8631 -0.4947
vn -0.2021 0.8499 -0.4867
vn -0.2899 0.8339 -0.4697
vn 0.0355 -0.9993 0.0147
vn -0.0355 -0.9993 0.0147
vn 0.0147 -0.9993 0.0355
vn -0.0355 -0.9993 -0.0147
vn -0.0147 -0.9993 -0.0355
vn 0.0147 -0.9993 -0.0355
vn 0.0355 -0.9993 -0.0147
vn -0.0147 -0.9993 0.0355
vn -0.9409 0.0756 -0.3302
vn 0.9508 -0.0563 0.3046
vn 0.9955 -0.0000 -0.0951
vn -0.9955 -0.0000 0.0951
vn 0.3805 0.1071 -0.9186
vn -0.0000 0.1628 -0.9867
vn 0.6367 -0.0000 -0.7711
vn -0.6367 -0.0000 0.7711
vn -0.7024 0.1147 -0.7024
vn -0.7071 -0.0000 -0.7071
vn -0.0951 -0.0000 -0.9955
vn 0.0951 -0.0000 0.9955
vn -0.7024 0.1147 0.7024
vn -0.7711 -0.0000 -0.6367
vn 0.7711 -0.0000 0.6367
vn -0.0000 0.1114 0.9938
vn 0.7024 0.1147 0.7024
vn -0.9239 -0.0000 -0.3827
vn 0.9239 -0.0000 0.3827
vn -0.9239 -0.0000 0.3827
vn 0.9239 -0.0000 -0.3827
vn -0.3827 -0.0000 0.9239
vn 0.3827 -0.0000 -0.9239
vn 0.3827 -0.0000 0.9239
vn -0.3827 -0.0000 -0.9239
vn 0.9934 0.1147 -0.0000
vn -0.9934 0.1147 -0.0000
vn 0.7024 0.1147 -0.7024
vn -0.7556 -0.0000 0.6550
vn -0.0712 -0.0000 0.9975
vn 0.6550 -0.0000 0.7556
vn -0.0712 -0.0000 -0.9975
vn 0.7556 -0.0000 -0.6550
vn -0.6550 -0.0000 -0.7556
vn -0.7310 -0.6116 -0.3028
vn 0.7310 0.6116 0.3028
vn -0.3028 0.6116 -0.7310
vn 0.3028 -0.6116 0.7310
vn 0.3028 -0.6116 -0.7310
vn -0.3028 0.6116 0.7310
vn -0.7310 -0.6116 0.3028
vn 0.7310 0.6116 -0.3028
vn 0.7310 -0.6116 0.3028
vn -0.7310 0.6116 -0.3028
vn -0.3028 -0.6116 -0.7310
vn 0.3028 0.6116 0.7310
vn 0.3028 0.6116 -0.7310
vn -0.3028 -0.6116 0.7310
vn 0.3801 0.1164 -0.9176
vn -0.9186 0.1071 -0.3805
vn -0.9176 0.1164 -0.3801
vn -0.9186 0.1071 0.3805
vn -0.9176 0.1164 0.3801
vn -0.3805 0.1071 0.9186
vn -0.3801 0.1164 0.9176
vn 0.3805 0.1071 0.9186
vn 0.3801 0.1164 0.9176
vn 0.9186 0.1071 0.3805
vn -0.0000 0.1147 -0.9934
vn 0.9176 0.1164 0.3801
vn 0.9186 0.1071 -0.3805
vn -0.3302 0.0756 0.9409
vn 0.7972 -0.4930 0.3485
vn -0.7886 0.4922 -0.3686
vn 0.3686 0.4922 0.7886
vn -0.3485 -0.4930 -0.7972
vn -0.3485 -0.4930 0.7972
vn 0.3686 0.4922 -0.7886
vn -0.3046 -0.0563 -0.9508
vn 0.3302 0.0756 0.9409
vn -0.7972 -0.4930 0.3485
vn 0.7886 0.4922 -0.3686
vn -0.9508 -0.0563 -0.3046
vn 0.9409 0.0756 0.3302
vn 0.3485 -0.4930 -0.7972
vn -0.3686 0.4922 0.7886
vn -0.9508 -0.0563 0.3046
vn 0.9409 0.0756 -0.3302
vn 0.3485 -0.4930 0.7972
vn -0.3686 0.4922 -0.7886
vn -0.3046 -0.0563 0.9508
vn 0.3302 0.0756 -0.9409
vn -0.7972 -0.4930 -0.3485
vn 0.7886 0.4922 0.3686
vn 0.3046 -0.0563 0.9508
vn -0.3302 0.0756 -0.9409
vn -0.7886 0.4922 0.3686
vn 0.7972 -0.4930 -0.3485
vn -0.6977 -0.1628 -0.6977
vn -0.6977 -0.1628 0.6977
vn -0.1177 -0.1136 0.9865
vn 0.6977 -0.1628 0.6977
vn 0.9867 -0.1628 -0.0000
vn -0.9867 -0.1628 -0.0000
vn 0.6977 -0.1628 -0.6977
vn 0.9176 -0.1164 -0.3801
vn -0.3805 -0.1071 -0.9186
vn -0.3801 -0.1164 -0.9176
vn 0.3046 0.0563 -0.9508
vn -0.9409 -0.0756 0.3302
vn 0.9508 0.0563 -0.3046
vn -0.9409 -0.0756 -0.3302
vn 0.9508 0.0563 0.3046
vn 0.3805 -0.1071 -0.9186
vn -0.0000 -0.1628 -0.9867
vn -0.7024 -0.1147 -0.7024
vn -0.7024 -0.1147 0.7024
vn -0.0000 -0.1114 0.9938
vn 0.7024 -0.1147 0.7024
vn 0.9934 -0.1147 -0.0000
vn -0.9934 -0.1147 -0.0000
vn 0.7024 -0.1147 -0.7024
vn 0.3801 -0.1164 -0.9176
vn -0.9186 -0.1071 -0.3805
vn -0.9176 -0.1164 -0.3801
vn -0.9186 -0.1071 0.3805
vn -0.9176 -0.1164 0.3801
vn -0.3805 -0.1071 0.9186
vn -0.3801 -0.1164 0.9176
vn 0.3805 -0.1071 0.9186
vn 0.3801 -0.1164 0.9176
vn 0.9186 -0.1071 0.3805
vn -0.0000 -0.1147 -0.9934
vn 0.9176 -0.1164 0.3801
vn 0.9186 -0.1071 -0.3805
vn -0.3302 -0.0756 0.9409
vn 0.7972 0.4930 0.3485
vn -0.7886 -0.4922 -0.3686
vn 0.3686 -0.4922 0.7886
vn -0.3485 0.4930 -0.7972
vn -0.3485 0.4930 0.7972
vn 0.3686 -0.4922 -0.7886
vn -0.3046 0.0563 -0.9508
vn 0.3302 -0.0756 0.9409
vn -0.7972 0.4930 0.3485
vn 0.7886 -0.4922 -0.3686
vn -0.9508 0.0563 -0.3046
vn 0.9409 -0.0756 0.3302
vn 0.3485 0.4930 -0.7972
vn -0.3686 -0.4922 0.7886
vn -0.9508 0.0563 0.3046
vn 0.9409 -0.0756 -0.3302
vn 0.3485 0.4930 0.7972
vn -0.3686 -0.4922 -0.7886
vn -0.3046 0.0563 0.9508
vn 0.3302 -0.0756 -0.9409
vn -0.7972 0.4930 -0.3485
vn 0.7886 -0.4922 0.3686
vn 0.3046 0.0563 0.9508
vn -0.3302 -0.0756 -0.9409
vn -0.7886 -0.4922 0.3686
vn 0.7972 0.4930 -0.3485
vn -0.3780 -0.1565 0.9125
vn -0.3780 0.1565 0.9125
vn 0.3780 0.1565 0.9125
vn 0.3780 -0.1565 0.9125
vn 0.9125 -0.1565 0.3780
vn 0.9125 -0.1565 -0.3780
vn 0.3780 -0.1565 -0.9125
vn -0.3780 -0.1565 -0.9125
vn -0.9125 -0.1565 -0.3780
vn -0.9125 -0.1565 0.3780
vn -0.9237 0.3826 -0.0199
vn 0.1177 -0.1136 0.9865
vn 0.1177 0.1136 0.9865
vn 0.3813 0.9205 -0.0859
vn -0.3826 -0.9237 -0.0199
vn 0.9205 0.3813 -0.0859
vn -0.9237 -0.3826 -0.0199
vn 0.9205 -0.3813 -0.0859
vn -0.3826 0.9237 -0.0199
vn 0.3813 -0.9205 -0.0859
vn 0.9237 -0.3826 -0.0199
vn -0.3813 -0.9205 -0.0859
vn -0.9205 -0.3813 -0.0859
vn 0.3826 -0.9237 -0.0199
vn -0.9205 0.3813 -0.0859
vn 0.9237 0.3826 -0.0199
vn -0.3813 0.9205 -0.0859
vn 0.3790 -0.9150 0.1381
vn 0.3826 0.9237 -0.0199
vn 0.9239 0.3827 -0.0000
vn 0.3827 -0.9239 -0.0000
vn -0.9239 -0.3827 -0.0000
vn -0.3827 0.9239 -0.0000
vn 0.3827 0.9239 -0.0000
vn -0.3827 -0.9239 -0.0000
vn -0.9239 0.3827 -0.0000
vn 0.9239 -0.3827 -0.0000
vn 0.3826 0.9237 0.0199
vn 0.9237 0.3826 0.0199
vn 0.3826 -0.9237 0.0199
vn 0.9237 -0.3826 0.0199
vn -0.3826 0.9237 0.0199
vn -0.9237 -0.3826 0.0199
vn -0.3826 -0.9237 0.0199
vn -0.9237 0.3826 0.0199
vn -0.9125 0.1565 0.3780
vn -0.9125 0.1565 -0.3780
vn -0.3780 0.1565 -0.9125
vn 0.3780 0.1565 -0.9125
vn 0.9125 0.1565 -0.3780
vn 0.9125 0.1565 0.3780
vn -0.3790 -0.9150 0.1381
vn 0.3790 0.9150 0.1381
vn 0.9150 0.3790 0.1381
vn -0.9150 -0.3790 0.1381
vn -0.3790 0.9150 0.1381
vn 0.9150 -0.3790 0.1381
vn -0.9150 0.3790 0.1381
vn 0.5360 0.8442 -0.0000
vn -0.8051 0.5932 -0.0000
vn -0.8442 0.5360 -0.0000
vn -0.9612 0.2760 -0.0000
vn -0.5932 -0.8051 -0.0000
vn 0.5932 0.8051 -0.0000
vn 0.9612 -0.2760 -0.0000
vn -0.2760 -0.9612 -0.0000
vn 0.2760 0.9612 -0.0000
vn 0.8051 -0.5932 -0.0000
vn 0.8442 -0.5360 -0.0000
vn -0.5360 -0.8442 -0.0000
vn 0.8816 -0.4720 -0.0000
vn 0.8575 -0.5145 -0.0000
vn 0.2641 0.9645 -0.0000
vn -0.9625 0.2712 -0.0000
vn 0.4784 0.8781 -0.0000
vn -0.9625 0.2711 -0.0000
vn -0.9721 0.2347 -0.0000
vn 0.9305 -0.3663 -0.0000
vn -0.9707 0.2404 -0.0000
vn 0.8801 -0.4748 -0.0000
vn 0.8684 -0.4958 -0.0000
vn -0.9582 0.2861 -0.0000
vn -0.8887 0.4585 -0.0000
vn -0.8822 0.4709 -0.0000
vn 0.7071 -0.7071 -0.0000
vn -0.9556 0.2948 -0.0000
vn 0.8399 -0.5428 -0.0000
vn -0.9040 0.4275 -0.0000
vn -0.2641 -0.9645 -0.0000
vn -0.8822 0.4708 -0.0000
vn -0.9659 0.2588 -0.0000
vn -0.8801 0.4748 -0.0000
vn -0.8684 0.4958 -0.0000
vn -0.8816 0.4720 -0.0000
vn -0.4784 -0.8781 -0.0000
vn 0.9721 -0.2347 -0.0000
vn 0.9707 -0.2404 -0.0000
vn 0.9582 -0.2861 -0.0000
vn 0.9556 -0.2948 -0.0000
vn 0.8398 -0.5428 -0.0000
vn 0.4720 0.8816 -0.0000
vn 0.5145 0.8575 -0.0000
vn 0.9645 -0.2641 -0.0000
vn -0.2712 -0.9625 -0.0000
vn 0.8781 -0.4784 -0.0000
vn -0.2711 -0.9625 -0.0000
vn -0.2347 -0.9721 -0.0000
vn 0.3662 0.9305 -0.0000
vn -0.2404 -0.9707 -0.0000
vn 0.3663 0.9305 -0.0000
vn 0.4748 0.8801 -0.0000
vn 0.4958 0.8684 -0.0000
vn -0.2861 -0.9582 -0.0000
vn -0.4585 -0.8887 -0.0000
vn 0.4708 0.8822 -0.0000
vn 0.7071 0.7071 -0.0000
vn -0.2948 -0.9556 -0.0000
vn 0.5428 0.8399 -0.0000
vn -0.4275 -0.9040 -0.0000
vn 0.4709 0.8822 -0.0000
vn -0.2588 -0.9659 -0.0000
vn -0.4748 -0.8801 -0.0000
vn -0.4958 -0.8684 -0.0000
vn -0.4720 -0.8816 -0.0000
vn -0.4708 -0.8822 -0.0000
vn -0.8781 0.4784 -0.0000
vn -0.9645 0.2641 -0.0000
vn 0.2347 0.9721 -0.0000
vn 0.2404 0.9707 -0.0000
vn 0.2861 0.9582 -0.0000
vn 0.2948 0.9556 -0.0000
vn 0.5428 0.8398 -0.0000
vn -0.8575 0.5145 -0.0000
vn 0.9625 -0.2712 -0.0000
vn 0.9625 -0.2711 -0.0000
vn -0.9305 0.3663 -0.0000
vn -0.9305 0.3662 -0.0000
vn 0.5359 0.8442 -0.0000
vn 0.2759 0.9612 -0.0000
vn 0.8887 -0.4585 -0.0000
vn 0.8887 -0.4584 -0.0000
vn -0.7071 0.7071 -0.0000
vn -0.8398 0.5428 -0.0000
vn -0.8399 0.5428 -0.0000
vn 0.9040 -0.4275 -0.0000
vn 0.9659 -0.2588 -0.0000
vn 0.8822 -0.4709 -0.0000
vn -0.5145 -0.8575 -0.0000
vn 0.2712 0.9625 -0.0000
vn 0.2711 0.9625 -0.0000
vn -0.3663 -0.9305 -0.0000
vn -0.3662 -0.9305 -0.0000
vn 0.4585 0.8887 -0.0000
vn 0.4584 0.8887 -0.0000
vn -0.7071 -0.7071 -0.0000
vn -0.5428 -0.8399 -0.0000
vn 0.4275 0.9040 -0.0000
vn 0.2588 0.9659 -0.0000
vn -0.5428 -0.8398 -0.0000
vt 0.591045 0.079286
vt 0.573406 0.096924
vt 0.593022 0.093022
vt 0.920714 0.091045
vt 0.903076 0.073406
vt 0.906978 0.093022
vt 0.483112 0.233370
vt 0.483112 0.258315
vt 0.472000 0.250000
vt 0.983112 0.258315
vt 0.983112 0.233370
vt 0.972000 0.250000
vt 0.903076 0.426594
vt 0.920714 0.408955
vt 0.906978 0.406978
vt 0.108758 0.577778
vt 0.141242 0.577778
vt 0.141242 0.500000
vt 0.108758 0.500000
vt 0.358758 0.577778
vt 0.391242 0.577778
vt 0.391242 0.500000
vt 0.358758 0.500000
vt 0.483758 0.577778
vt 0.500000 0.577778
vt 0.500000 0.500000
vt 0.483758 0.500000
vt 0.608758 0.577778
vt 0.641242 0.577778
vt 0.641242 0.500000
vt 0.608758 0.500000
vt 0.733758 0.577778
vt 0.766242 0.577778
vt 0.766242 0.500000
vt 0.733758 0.500000
vt 0.419706 0.419706
vt 0.250000 0.250000
vt 0.490000 0.250000
vt 0.363137 0.363137
vt 0.443137 0.363137
vt 0.250000 0.010000
vt 0.250000 0.090000
vt 0.193431 0.033431
vt 0.573406 0.403076
vt 0.591045 0.420714
vt 0.593022 0.406978
vt 0.419706 0.080294
vt 0.080294 0.080294
vt 0.516888 0.233370
vt 0.516888 0.258315
vt 0.528000 0.250000
vt 0.363137 0.136863
vt 0.363137 0.056863
vt 0.080294 0.419706
vt 0.136863 0.363137
vt 0.136863 0.443137
vt 0.073406 0.096924
vt 0.091045 0.079286
vt 0.093022 0.093022
vt 0.403076 0.073406
vt 0.420714 0.091045
vt 0.406978 0.093022
vt 0.250000 0.490000
vt 0.010000 0.250000
vt 0.420714 0.408955
vt 0.403076 0.426594
vt 0.406978 0.406978
vt 0.233758 0.577778
vt 0.266242 0.577778
vt 0.266242 0.500000
vt 0.233758 0.500000
vt 0.136863 0.136863
vt 0.056863 0.136863
vt 0.090000 0.250000
vt 0.033431 0.306569
vt 0.858758 0.577778
vt 0.891242 0.577778
vt 0.891242 0.500000
vt 0.858758 0.500000
vt 0.091045 0.420714
vt 0.073406 0.403076
vt 0.093022 0.406978
vt 0.410000 0.250000
vt 0.466569 0.193431
vt 0.016888 0.258315
vt 0.016888 0.233370
vt 0.028000 0.250000
vt 0.443137 0.136863
vt 0.386569 0.193431
vt 0.306569 0.193431
vt 0.330000 0.250000
vt 0.056863 0.363137
vt 0.113431 0.306569
vt 0.193431 0.306569
vt 0.170000 0.250000
vt 0.033431 0.193431
vt 0.113431 0.193431
vt 0.193431 0.193431
vt 0.250000 0.410000
vt 0.306569 0.466569
vt 0.250000 0.330000
vt 0.306569 0.386569
vt 0.363137 0.443137
vt 0.306569 0.306569
vt 0.193431 0.466569
vt 0.193431 0.386569
vt 0.306569 0.033431
vt 0.306569 0.113431
vt 0.250000 0.170000
vt 0.136863 0.056863
vt 0.193431 0.113431
vt 0.466569 0.306569
vt 0.386569 0.306569
vt 0.377279 0.377279
vt 0.437279 0.377279
vt 0.165147 0.098934
vt 0.122721 0.122721
vt 0.122721 0.062721
vt 0.250000 0.448640
vt 0.207574 0.472426
vt 0.062721 0.122721
vt 0.430000 0.250000
vt 0.472426 0.207574
vt 0.070000 0.250000
vt 0.027574 0.292426
vt 0.045147 0.334853
vt 0.105147 0.334853
vt 0.062721 0.377279
vt 0.087574 0.292426
vt 0.130000 0.250000
vt 0.190000 0.250000
vt 0.147574 0.292426
vt 0.454853 0.165147
vt 0.394853 0.165147
vt 0.437279 0.122721
vt 0.412426 0.207574
vt 0.370000 0.250000
vt 0.310000 0.250000
vt 0.352426 0.207574
vt 0.045147 0.165147
vt 0.087574 0.207574
vt 0.027574 0.207574
vt 0.105147 0.165147
vt 0.165147 0.165147
vt 0.207574 0.207574
vt 0.147574 0.207574
vt 0.165147 0.401066
vt 0.165147 0.454853
vt 0.122721 0.437279
vt 0.250000 0.328640
vt 0.250000 0.394853
vt 0.207574 0.364853
vt 0.334853 0.401066
vt 0.334853 0.454853
vt 0.292426 0.424853
vt 0.250000 0.051360
vt 0.207574 0.075147
vt 0.207574 0.027574
vt 0.334853 0.098934
vt 0.292426 0.135147
vt 0.292426 0.075147
vt 0.250000 0.171360
vt 0.207574 0.135147
vt 0.454853 0.334853
vt 0.412426 0.292426
vt 0.472426 0.292426
vt 0.394853 0.334853
vt 0.334853 0.334853
vt 0.292426 0.292426
vt 0.352426 0.292426
vt 0.250000 0.105147
vt 0.334853 0.165147
vt 0.292426 0.207574
vt 0.377279 0.062721
vt 0.334853 0.045147
vt 0.377279 0.122721
vt 0.292426 0.027574
vt 0.292426 0.364853
vt 0.377279 0.437279
vt 0.207574 0.292426
vt 0.165147 0.334853
vt 0.122721 0.377279
vt 0.207574 0.424853
vt 0.292426 0.472426
vt 0.165147 0.045147
vt 0.983758 0.577778
vt 0.983758 0.500000
vt 0.108758 0.577778
vt 0.016242 0.577778
vt 0.016242 0.655556
vt 0.108758 0.655556
vt 0.000000 0.000000
vt 0.237751 0.666667
vt 0.237751 0.500000
vt 0.137249 0.833333
vt 0.137249 1.000000
vt 0.487751 0.833333
vt 0.487751 0.666667
vt 0.733370 0.483112
vt 0.766630 0.483112
vt 0.750000 0.250000
vt 0.690473 0.309527
vt 0.612898 0.430295
vt 0.615941 0.431629
vt 0.708474 0.472197
vt 0.711517 0.473531
vt 0.487751 0.500000
vt 0.512249 0.500000
vt 0.512249 0.666667
vt 0.266630 0.483112
vt 0.233370 0.483112
vt 0.512249 0.833333
vt 0.612751 0.500000
vt 0.637249 0.500000
vt 0.637249 0.666667
vt 0.612751 0.666667
vt 0.734050 0.234050
vt 0.841519 0.047908
vt 0.766630 0.016888
vt 0.733370 0.016888
vt 0.233370 0.016888
vt 0.266630 0.016888
vt 0.637249 0.833333
vt 0.612751 0.833333
vt 0.724841 0.250000
vt 0.737751 0.500000
vt 0.762249 0.500000
vt 0.762249 0.666667
vt 0.737751 0.666667
vt 0.012249 0.666667
vt 0.000000 0.666667
vt 0.000000 0.500000
vt 0.012249 0.500000
vt 0.862751 0.833333
vt 0.887249 0.833333
vt 0.887249 1.000000
vt 0.862751 1.000000
vt 0.737751 0.833333
vt 0.762249 0.833333
vt 0.762249 1.000000
vt 0.737751 1.000000
vt 0.637249 1.000000
vt 0.612751 1.000000
vt 0.512249 1.000000
vt 0.487751 1.000000
vt 0.362751 0.833333
vt 0.387249 0.833333
vt 0.387249 1.000000
vt 0.362751 1.000000
vt 0.237751 0.833333
vt 0.262249 0.833333
vt 0.262249 1.000000
vt 0.237751 1.000000
vt 0.887249 0.666667
vt 0.016242 0.500000
vt 0.012249 0.833333
vt 0.012249 1.000000
vt 0.987751 0.666667
vt 0.987751 0.500000
vt 0.987751 0.833333
vt 0.391242 0.655556
vt 0.391242 0.733334
vt 0.262249 0.500000
vt 0.262249 0.666667
vt 0.358758 0.655556
vt 0.358758 0.733333
vt 0.358758 0.655556
vt 0.358758 0.733333
vt 0.358758 0.577778
vt 0.141242 0.655556
vt 0.141242 0.733333
vt 0.141242 0.655556
vt 0.141242 0.733334
vt 0.516242 0.655556
vt 0.516242 0.733333
vt 0.516242 0.750000
vt 0.516242 0.750000
vt 0.891242 0.577778
vt 0.891242 0.655556
vt 0.983758 0.655556
vt 0.000000 0.577778
vt 0.016242 0.577778
vt 0.641242 0.655556
vt 0.641242 0.655556
vt 0.641242 0.733333
vt 0.641242 0.733334
vt 0.641242 0.750000
vt 0.108758 0.655556
vt 0.108758 0.733333
vt 0.766242 0.655556
vt 0.766242 0.733333
vt 0.766242 0.750000
vt 0.391242 0.655556
vt 0.391242 0.733333
vt 0.891242 0.655556
vt 0.891242 0.733333
vt 0.891242 0.733334
vt 0.891242 0.750000
vt 0.891242 0.750000
vt 0.483758 0.655556
vt 0.516242 0.577778
vt 0.483758 0.733333
vt 0.141242 0.750000
vt 0.141242 0.750000
vt 0.391242 0.750000
vt 0.608758 0.655556
vt 0.608758 0.733333
vt 0.266242 0.655556
vt 0.266242 0.733333
vt 0.266242 0.750000
vt 0.016242 0.655556
vt 0.016242 0.733333
vt 0.016242 0.733334
vt 0.016242 0.750000
vt 0.233758 0.655556
vt 0.233758 0.733333
vt 0.233758 0.750000
vt 0.358758 0.750000
vt 0.483758 0.750000
vt 0.608758 0.750000
vt 0.733758 0.655556
vt 0.733758 0.733333
vt 0.733758 0.750000
vt 0.858758 0.655556
vt 0.858758 0.733333
vt 0.858758 0.750000
vt 0.108758 0.733333
vt 0.108758 0.750000
vt 0.983758 0.733333
vt 0.983758 0.750000
vt 0.233758 0.733333
vt 0.000000 0.655556
vt 0.000000 0.733333
vt 0.000000 0.750000
vt 0.983758 0.655556
vt 0.983758 0.733333
vt 0.358758 0.750000
vt 0.516242 0.500000
vt 0.641242 0.577778
vt 0.362751 0.500000
vt 0.362751 0.666667
vt 0.387249 0.500000
vt 0.387249 0.666667
vt 0.137249 0.666667
vt 0.862751 0.666667
vt 0.862751 0.500000
vt 0.137249 0.500000
vt 0.112751 0.833333
vt 0.112751 0.666667
vt 0.112751 0.500000
vt 0.987751 1.000000
vt 0.000000 0.833333
vt 0.112751 1.000000
vt 0.567410 0.666667
vt 0.000000 1.000000
vt 0.887249 0.500000
vt 0.567410 0.500000
vt 0.141242 0.577778
vt 0.108758 0.750000
vt 0.391242 0.577778
vt 0.125000 1.000000
vt 0.250000 1.000000
vt 0.375000 1.000000
vt 0.500000 1.000000
vt 1.000000 0.500000
vt 1.000000 1.000000
vt 0.875000 1.000000
vt 0.875000 0.500000
vt 0.750000 1.000000
vt 0.750000 0.500000
vt 0.625000 1.000000
vt 0.625000 0.500000
vt 0.500000 0.500000
vt 0.375000 0.500000
vt 0.250000 0.500000
vt 0.125000 0.500000
vt 0.080294 0.080294
vt 0.419706 0.080294
vt 0.750000 0.490000
vt 0.919706 0.419706
vt 0.990000 0.250000
vt 0.919706 0.080294
vt 0.750000 0.010000
vt 0.580294 0.080294
vt 0.510000 0.250000
vt 0.580294 0.419706
vt 0.097320 0.580547
vt 0.097320 0.500000
vt 0.097320 0.601987
vt 0.097320 0.806500
vt 0.027680 0.601987
vt 0.027680 0.806499
vt 0.027680 0.580547
vt 0.027680 0.500000
s 0
usemtl Wall
f 236/1/1 237/2/1 235/3/1
f 230/4/1 231/5/1 229/6/1
f 227/7/2 228/8/2 226/9/2
f 224/10/1 225/11/1 223/12/1
f 218/13/1 219/14/1 217/15/1
f 270/16/3 215/17/3 484/18/3 483/19/3
f 3/20/4 211/21/4 476/22/4 475/23/4
f 210/24/5 581/25/5 582/26/5 471/27/5
f 154/28/6 273/29/6 422/30/6 423/31/6
f 150/32/7 266/33/7 426/34/7 427/35/7
f 11/36/2 26/37/2 12/38/2
f 248/44/1 249/45/1 247/46/1
f 13/47/2 26/37/2 15/48/2 14/41/2
f 242/49/1 243/50/1 241/51/1
f 239/57/2 240/58/2 238/59/2
f 233/60/2 234/61/2 232/62/2
f 26/37/2 11/36/2 10/63/2 17/54/2
f 15/48/2 26/37/2 16/64/2
f 221/65/2 222/66/2 220/67/2
f 292/68/12 281/69/12 480/70/12 479/71/12
f 16/64/2 26/37/2 17/54/2
f 7/76/15 262/77/15 430/78/15 431/79/15
f 442/79/16 445/34/16 160/33/16 314/76/16
f 12/38/2 26/37/2 13/47/2
f 251/80/2 252/81/2 250/82/2
f 245/85/2 246/86/2 244/87/2
f 176/11/1 177/12/1 223/12/1 225/11/1
f 318/186/159 438/187/159 436/187/159 322/186/159
f 283/188/160 270/16/160 483/19/160 466/19/160
f 208/82/2 206/80/2 251/80/2 250/82/2
f 177/12/1 175/10/1 224/10/1 223/12/1
f 682/45/1 205/46/1 247/46/1 249/45/1
f 283/188/161 164/189/161 163/190/161 286/191/161
f 173/66/2 174/67/2 220/67/2 222/66/2
f 438/192/1 437/192/1 9/192/1 436/192/1
f 205/46/1 203/44/1 248/44/1 247/46/1
f 289/68/162 462/71/162 479/71/162 292/68/162
f 174/67/2 172/65/2 221/65/2 220/67/2
f 201/86/2 202/87/2 244/87/2 246/86/2
f 366/193/163 198/194/163 243/194/163 350/193/163
f 170/14/1 171/15/1 217/15/1 219/14/1
f 360/195/164 207/196/164 252/196/164 356/195/164
f 202/87/2 200/85/2 245/85/2 244/87/2
f 375/197/165 374/198/165 342/198/165 343/197/165
f 171/15/1 169/13/1 218/13/1 217/15/1
f 198/50/1 199/51/1 241/51/1 243/50/1
f 683/199/1 166/200/1 169/13/1 171/15/1 27/201/1 688/202/1 693/203/1 703/204/1 704/205/1 694/206/1
f 259/207/166 260/208/166 345/209/166 342/198/166
f 187/208/167 373/209/167 345/209/167 260/208/167
f 26/37/2 174/67/2 173/66/2 167/210/2 168/211/2 206/80/2 208/82/2
f 342/198/166 345/209/166 344/212/166 343/197/166
f 27/201/1 171/15/1 170/14/1 175/10/1 177/12/1
f 172/65/2 174/67/2 26/37/2 180/9/2 179/8/2
f 373/209/167 372/212/167 344/212/167 345/209/167
f 177/12/1 176/11/1 181/4/1 183/6/1 27/201/1
f 178/7/2 180/9/2 26/37/2 186/62/2 185/61/2
f 231/213/168 230/214/168 341/215/168 338/216/168
f 191/1/1 193/3/1 690/217/1 691/218/1 187/219/1 188/220/1
f 184/60/2 186/62/2 26/37/2 196/59/2 195/58/2 189/221/2 190/222/2
f 181/214/169 359/215/169 341/215/169 230/214/169
f 338/216/168 341/215/168 340/223/168 339/224/168
f 197/49/1 199/51/1 692/225/1 690/217/1 193/3/1 192/2/1
f 194/57/2 196/59/2 26/37/2 202/87/2 201/86/2
f 359/215/169 358/223/169 340/223/169 341/215/169
f 203/44/1 205/46/1 688/202/1 692/225/1 199/51/1 198/50/1
f 200/85/2 202/87/2 26/37/2 208/82/2 207/81/2
f 225/226/170 224/227/170 337/228/170 334/229/170
f 327/230/171 328/231/171 253/232/171 254/233/171
f 331/234/172 332/235/172 222/236/172 221/237/172
f 335/238/170 336/239/170 228/240/170 227/241/170
f 339/224/168 340/223/168 234/242/168 233/243/168
f 343/197/166 344/212/166 257/244/166 258/245/166
f 347/246/173 348/247/173 240/248/173 239/249/173
f 351/250/174 352/251/174 246/252/174 245/253/174
f 207/81/2 208/82/2 250/82/2 252/81/2
f 180/9/2 178/7/2 227/7/2 226/9/2
f 314/76/175 7/76/175 431/79/175 442/79/175
f 166/200/1 683/199/1 254/199/1 253/200/1
f 383/254/176 382/235/176 332/235/176 333/254/176
f 179/8/2 180/9/2 226/9/2 228/8/2
f 168/211/2 167/210/2 256/210/2 255/211/2
f 183/6/1 181/4/1 230/4/1 229/6/1
f 466/19/177 437/255/177 164/189/177 283/188/177
f 687/256/178 168/257/178 255/257/178 326/256/178
f 309/32/179 446/35/179 427/35/179 150/32/179
f 386/258/180 166/259/180 253/259/180 328/258/180
f 182/5/1 183/6/1 229/6/1 231/5/1
f 387/260/180 386/258/180 328/258/180 329/260/180
f 186/62/2 184/60/2 233/60/2 232/62/2
f 382/235/176 173/236/176 222/236/176 332/235/176
f 683/233/178 686/230/178 327/230/178 254/233/178
f 185/61/2 186/62/2 232/62/2 234/61/2
f 305/28/181 154/28/181 423/31/181 450/31/181
f 378/239/182 336/239/182 228/240/182 179/240/182
f 193/3/1 191/1/1 236/1/1 235/3/1
f 686/230/178 687/256/178 326/256/178 327/230/178
f 190/222/2 189/221/2 258/221/2 257/222/2
f 192/2/1 193/3/1 235/3/1 237/2/1
f 149/261/183 454/27/183 301/24/183 316/262/183
f 358/223/169 185/242/169 234/242/169 340/223/169
f 196/59/2 194/57/2 239/57/2 238/59/2
f 301/24/184 454/27/184 471/27/184 210/24/184
f 188/220/1 187/219/1 260/219/1 259/220/1
f 243/194/174 242/263/174 353/264/174 350/193/174
f 195/58/2 196/59/2 238/59/2 240/58/2
f 4/265/185 480/70/185 281/69/185 291/266/185
f 372/212/167 190/244/167 257/244/167 344/212/167
f 199/51/1 197/49/1 242/49/1 241/51/1
f 298/267/186 315/268/186 6/69/186 461/70/186
f 374/198/165 188/207/165 259/207/165 342/198/165
f 296/269/187 3/20/187 475/23/187 458/23/187
f 368/247/188 195/248/188 240/248/188 348/247/188
f 214/270/229 282/271/229 292/68/229 479/71/229
f 1/272/230 462/71/230 289/68/230 324/273/230
f 152/274/231 274/274/231 268/275/231 312/275/231
f 312/275/232 409/276/232 395/277/232 268/275/232
f 318/186/233 162/278/233 161/279/233 321/280/233
f 9/255/234 436/232/234 322/281/234 213/282/234
f 156/283/235 269/284/235 272/285/235 308/286/235
f 308/286/236 399/287/236 405/287/236 272/285/236
f 310/288/237 214/270/237 215/17/237 270/16/237
f 263/289/238 282/271/238 214/270/238 310/288/238
f 159/290/239 265/290/239 276/291/239 304/291/239
f 304/291/240 421/292/240 415/292/240 276/291/240
f 4/265/241 209/293/241 211/21/241 3/20/241
f 291/266/173 288/294/173 209/293/173 4/265/173
f 161/279/242 216/295/242 280/296/242 300/297/242
f 300/297/243 411/298/243 393/299/243 280/296/243
f 285/300/244 274/274/244 277/301/244 581/25/244 210/24/244
f 271/302/166 268/275/166 274/274/166 285/300/166
f 1/272/236 214/270/236 282/271/236 324/273/236
f 324/273/235 407/303/235 398/304/235 282/271/235
f 149/261/243 209/293/243 288/294/243 316/262/243
f 316/262/242 419/305/242 413/305/242 288/294/242
f 157/306/245 269/284/245 273/29/245 154/28/245
f 275/307/168 272/285/168 269/284/168 157/306/168
f 5/308/240 278/308/240 264/309/240 320/309/240
f 320/309/239 397/310/239 417/310/239 264/309/239
f 163/190/232 212/311/232 284/312/232 294/313/232
f 294/313/231 396/314/231 403/314/231 284/312/231
f 290/315/246 1/272/246 324/273/246 319/316/246
f 319/316/247 392/317/247 407/303/247 324/273/247
f 298/267/248 5/308/248 320/309/248 315/268/248
f 315/268/249 414/318/249 397/310/249 320/309/249
f 302/300/250 149/261/250 316/262/250 311/302/250
f 311/302/251 404/319/251 419/305/251 316/262/251
f 306/306/252 152/274/252 312/275/252 307/307/252
f 307/307/253 394/320/253 409/276/253 312/275/253
f 313/321/247 156/283/247 308/286/247 303/322/247
f 303/322/246 416/323/246 399/287/246 308/286/246
f 317/324/249 159/290/249 304/291/249 299/325/249
f 299/325/248 406/326/248 421/292/248 304/291/248
f 286/191/253 163/190/253 294/313/253 323/327/253
f 323/327/252 402/328/252 396/314/252 294/313/252
f 321/280/251 161/279/251 300/297/251 297/329/251
f 297/329/250 401/330/250 411/298/250 300/297/250
f 153/321/254 265/290/254 266/33/254 150/32/254
f 279/322/170 276/291/170 265/290/170 153/321/170
f 295/315/255 278/308/255 281/69/255 292/68/255
f 267/331/174 264/309/174 278/308/174 295/315/174
f 212/311/171 325/332/171 293/333/171 284/312/171
f 284/312/171 293/333/171 391/334/171 403/314/171
f 8/324/256 216/295/256 262/77/256 7/76/256
f 287/325/172 280/296/172 216/295/172 8/324/172
f 321/280/184 325/335/184 322/186/184 318/186/184
f 297/329/184 293/336/184 325/335/184 321/280/184
f 286/191/160 310/288/160 270/16/160 283/188/160
f 323/327/160 263/289/160 310/288/160 286/191/160
f 290/315/179 295/315/179 292/68/179 289/68/179
f 319/316/179 267/331/179 295/315/179 290/315/179
f 317/324/175 8/324/175 7/76/175 314/76/175
f 299/325/175 287/325/175 8/324/175 317/324/175
f 313/321/162 153/321/162 150/32/162 309/32/162
f 303/322/162 279/322/162 153/321/162 313/321/162
f 306/306/181 157/306/181 154/28/181 305/28/181
f 307/307/181 275/307/181 157/306/181 306/306/181
f 280/296/251 393/299/251 391/334/251 293/333/251
f 302/300/159 285/300/159 210/24/159 301/24/159
f 311/302/159 271/302/159 285/300/159 302/300/159
f 291/266/248 264/309/248 417/310/248 418/337/248
f 298/267/187 4/265/187 3/20/187 296/269/187
f 315/268/187 291/266/187 4/265/187 298/267/187
f 272/285/247 405/287/247 420/323/247 279/322/247
f 287/325/249 276/291/249 415/292/249 408/326/249
f 155/301/231 277/301/231 274/274/231 152/274/231
f 453/338/232 155/301/232 277/301/232 472/338/232
f 158/339/235 273/29/235 269/284/235 156/283/235
f 449/30/235 422/30/235 273/29/235 158/339/235
f 160/33/239 266/33/239 265/290/239 159/290/239
f 445/34/240 160/33/240 266/33/240 426/34/240
f 162/278/242 262/77/242 216/295/242 161/279/242
f 441/78/242 430/78/242 262/77/242 162/278/242
f 279/322/2 303/322/2 308/286/2 272/285/2
f 268/275/2 275/307/2 307/307/2 312/275/2
f 288/294/2 271/302/2 311/302/2 316/262/2
f 291/266/2 315/268/2 320/309/2 264/309/2
f 282/271/2 267/331/2 319/316/2 324/273/2
f 263/289/2 323/327/2 294/313/2 284/312/2
f 293/333/2 297/329/2 300/297/2 280/296/2
f 287/325/2 299/325/2 304/291/2 276/291/2
f 350/193/174 353/264/174 352/251/174 351/250/174
f 246/252/248 352/251/248 237/340/248 346/341/248
f 189/245/180 258/245/180 343/197/180 375/197/180
f 367/250/163 366/193/163 350/193/163 351/250/163
f 377/224/257 376/216/257 338/216/257 339/224/257
f 376/216/257 182/213/257 231/213/257 338/216/257
f 191/342/188 369/343/188 349/343/188 236/342/188
f 200/253/163 367/250/163 351/250/163 245/253/163
f 381/238/258 380/229/258 334/229/258 335/238/258
f 380/229/258 176/226/258 225/226/258 334/229/258
f 184/243/257 377/224/257 339/224/257 233/243/257
f 361/344/164 360/195/164 356/195/164 357/344/164
f 385/234/259 384/345/259 330/345/259 331/234/259
f 384/345/259 170/346/259 219/346/259 330/345/259
f 178/241/258 381/238/258 335/238/258 227/241/258
f 203/347/164 361/344/164 357/344/164 248/347/164
f 355/348/238 354/349/238 357/344/238 356/195/238
f 354/349/238 249/350/238 248/347/238 357/344/238
f 172/237/259 385/234/259 331/234/259 221/237/259
f 167/351/180 387/260/180 329/260/180 256/351/180
f 366/193/246 367/250/246 360/195/246 361/344/246
f 326/256/171 329/352/171 328/231/171 327/230/171
f 251/353/238 355/348/238 356/195/238 252/196/238
f 367/250/246 200/253/246 207/196/246 360/195/246
f 376/216/252 377/224/252 372/212/252 373/209/252 689/354/252
f 255/257/171 256/355/171 329/352/171 326/256/171
f 198/194/246 366/193/246 361/344/246 203/347/246
f 169/356/176 383/254/176 333/254/176 218/356/176
f 370/341/248 371/246/248 364/251/248 365/264/248
f 330/345/172 333/254/172 332/235/172 331/234/172
f 182/213/252 376/216/252 689/354/252 691/357/252
f 379/228/260 378/239/260 336/239/260 337/228/260
f 375/197/250 368/247/250 369/343/250 374/198/250
f 377/224/252 184/243/252 190/244/252 372/212/252
f 192/340/248 370/341/248 365/264/248 197/263/248
f 175/227/260 379/228/260 337/228/260 224/227/260
f 381/238/247 358/223/247 359/215/247 380/229/247
f 334/229/170 337/228/170 336/239/170 335/238/170
f 189/245/250 195/248/250 368/247/250 375/197/250
f 371/246/248 194/249/248 201/252/248 364/251/248
f 385/234/249 378/239/249 379/228/249 384/345/249
f 374/198/250 369/343/250 191/342/250 188/207/250
f 178/241/247 185/242/247 358/223/247 381/238/247
f 219/346/172 218/356/172 333/254/172 330/345/172
f 380/229/247 359/215/247 181/214/247 176/226/247
f 172/237/249 179/240/249 378/239/249 385/234/249
f 384/345/249 379/228/249 175/227/249 170/346/249
f 387/260/251 382/235/251 383/254/251 386/258/251
f 206/353/253 168/257/253 687/256/253 685/348/253
f 386/258/251 383/254/251 169/356/251 166/259/251
f 365/264/182 364/251/182 352/251/182 353/264/182
f 364/251/260 352/251/260 246/252/260 201/252/260
f 167/351/251 173/236/251 382/235/251 387/260/251
f 684/349/261 682/350/261 249/350/261 354/349/261
f 685/348/261 684/349/261 354/349/261 355/348/261
f 369/343/188 368/247/188 348/247/188 349/343/188
f 197/263/182 365/264/182 353/264/182 242/263/182
f 370/341/262 192/340/262 237/340/262 346/341/262
f 371/246/262 370/341/262 346/341/262 347/246/262
f 346/341/173 349/343/173 348/247/173 347/246/173
f 206/353/261 685/348/261 355/348/261 251/353/261
f 194/249/262 371/246/262 347/246/262 239/249/262
f 237/340/173 236/342/173 349/343/173 346/341/173
f 343/197/250 258/245/250 349/343/250 236/342/250
f 344/212/252 231/213/252 338/216/252 257/244/252
f 335/238/247 227/241/247 341/215/247 230/214/247
f 336/239/249 219/346/249 330/345/249 228/240/249
f 329/260/251 256/351/251 333/254/251 218/356/251
f 167/351/250 387/260/250 169/356/250 383/254/250
f 351/250/246 245/253/246 357/344/246 248/347/246
f 169/13/263 387/260/263 329/260/263 218/13/263
f 167/210/264 383/254/264 333/254/264 256/210/264
f 378/239/248 179/240/248 384/345/248 170/346/248
f 228/8/265 330/345/265 384/345/265 179/8/265
f 170/14/266 219/14/266 336/239/266 378/239/266
f 178/241/246 381/238/246 181/214/246 359/215/246
f 230/214/267 181/214/267 381/238/267 335/238/267
f 227/7/268 178/7/268 359/215/268 341/215/268
f 372/212/253 190/244/253 376/216/253 182/213/253
f 231/5/269 344/212/269 372/212/269 182/5/269
f 257/222/270 338/216/270 376/216/270 190/222/270
f 189/245/251 375/197/251 191/342/251 369/343/251
f 375/197/271 343/197/271 236/342/271 191/1/271
f 258/221/272 189/221/272 369/343/272 349/343/272
f 201/252/249 370/341/249 192/340/249 364/251/249
f 237/2/273 352/251/273 364/251/273 192/2/273
f 201/86/274 246/86/274 346/341/274 370/341/274
f 200/253/247 367/250/247 203/347/247 361/344/247
f 200/85/275 361/344/275 357/344/275 245/85/275
f 203/44/276 367/250/276 351/250/276 248/44/276
f 405/287/168 272/285/168 275/307/168 410/320/168
f 2/358/236 215/17/236 214/270/236 1/272/236
f 395/277/166 268/275/166 271/302/166 400/319/166
f 390/317/162 392/317/162 319/316/162 267/331/162
f 413/305/173 288/294/173 291/266/173 418/337/173
f 465/18/236 484/18/236 215/17/236 2/358/236
f 398/304/238 282/271/238 263/289/238 412/359/238
f 438/187/277 441/78/277 162/278/277 318/186/277
f 151/360/243 211/21/243 209/293/243 149/261/243
f 403/314/253 412/359/253 263/289/253 284/312/253
f 457/22/243 476/22/243 211/21/243 151/360/243
f 398/304/246 390/317/246 267/331/246 282/271/246
f 6/69/240 281/69/240 278/308/240 5/308/240
f 461/70/239 6/69/239 281/69/239 480/70/239
f 413/305/250 400/319/250 271/302/250 288/294/250
f 395/277/252 410/320/252 275/307/252 268/275/252
f 164/189/232 213/282/232 212/311/232 163/190/232
f 437/255/231 164/189/231 213/282/231 9/255/231
f 289/68/278 2/358/278 1/272/278 290/315/278
f 462/71/279 465/18/279 2/358/279 289/68/279
f 296/269/280 6/69/280 5/308/280 298/267/280
f 418/337/175 414/318/175 315/268/175 291/266/175
f 458/23/281 461/70/281 6/69/281 296/269/281
f 301/24/282 151/360/282 149/261/282 302/300/282
f 454/27/283 457/22/283 151/360/283 301/24/283
f 400/319/184 404/319/184 311/302/184 271/302/184
f 305/28/284 155/301/284 152/274/284 306/306/284
f 450/31/285 453/338/285 155/301/285 305/28/285
f 412/359/181 402/328/181 323/327/181 263/289/181
f 410/320/160 394/320/160 307/307/160 275/307/160
f 391/330/159 401/330/159 297/329/159 293/336/159
f 309/32/286 158/339/286 156/283/286 313/321/286
f 213/282/287 322/281/287 325/332/287 212/311/287
f 420/323/179 416/323/179 303/322/179 279/322/179
f 393/299/172 280/296/172 287/325/172 408/326/172
f 446/35/288 449/30/288 158/339/288 309/32/288
f 417/310/174 264/309/174 267/331/174 390/317/174
f 408/326/187 406/326/187 299/325/187 287/325/187
f 415/292/170 276/291/170 279/322/170 420/323/170
f 314/76/289 160/33/289 159/290/289 317/324/289
f 209/293/290 288/294/290 210/24/290 471/27/290
f 301/24/291 210/24/291 288/294/291 316/262/291
f 209/293/292 471/27/292 454/27/292 149/261/292
f 4/265/293 298/267/293 461/70/293 480/192/293
f 6/69/294 315/268/294 291/266/294 281/69/294
f 289/68/295 292/68/295 282/271/295 324/273/295
f 1/272/296 214/270/296 479/71/296 462/192/296
f 306/306/297 307/307/297 155/301/297 453/338/297
f 275/307/298 157/306/298 472/338/298 277/301/298
f 277/301/299 155/301/299 307/307/299 275/307/299
f 157/306/300 306/306/300 453/338/300 472/192/300
f 156/283/301 446/35/301 309/32/301 308/286/301
f 269/284/302 272/285/302 150/32/302 427/35/302
f 150/32/303 272/285/303 308/286/303 309/32/303
f 269/284/304 427/35/304 446/35/304 156/283/304
f 317/324/305 299/325/305 160/33/305 445/34/305
f 287/325/306 8/324/306 426/34/306 266/33/306
f 266/33/307 160/33/307 299/325/307 287/325/307
f 445/192/308 426/192/308 8/324/308 317/324/308
f 161/279/309 438/187/309 318/186/309 300/297/309
f 280/296/310 322/186/310 436/187/310 216/295/310
f 322/186/311 280/296/311 300/297/311 318/186/311
f 216/295/312 436/187/312 438/187/312 161/279/312
f 286/191/313 323/327/313 164/189/313 437/255/313
f 263/289/314 310/288/314 9/255/314 213/282/314
f 437/192/315 9/192/315 310/288/315 286/191/315
f 213/282/316 164/189/316 323/327/316 263/289/316
f 493/16/317 483/19/317 484/18/317 481/17/317
f 428/20/318 475/23/318 476/22/318 473/21/318
f 470/24/319 471/27/319 582/26/319 583/25/319
f 448/28/320 423/31/320 422/30/320 496/29/320
f 440/32/321 427/35/321 426/34/321 489/33/321
f 515/68/322 479/71/322 480/70/322 504/69/322
f 434/76/323 431/79/323 430/78/323 485/77/323
f 442/79/324 537/76/324 460/33/324 445/34/324
f 466/192/1 465/192/1 484/192/1 483/192/1
f 541/186/159 545/186/159 436/187/159 438/187/159
f 506/188/160 466/19/160 483/19/160 493/16/160
f 506/188/325 509/191/325 467/190/325 468/189/325
f 462/192/1 461/192/1 480/192/1 479/192/1
f 512/68/179 462/71/179 479/71/179 515/68/179
f 458/192/1 457/192/1 476/192/1 475/192/1
f 537/76/175 442/79/175 431/79/175 434/76/175
f 442/192/1 441/192/1 430/192/1 431/192/1
f 466/19/326 506/188/326 468/189/326 437/255/326
f 532/32/162 446/35/162 427/35/162 440/32/162
f 446/192/1 445/192/1 426/192/1 427/192/1
f 528/28/181 450/31/181 423/31/181 448/28/181
f 450/192/1 449/192/1 422/192/1 423/192/1
f 439/261/327 539/262/327 524/24/327 454/27/327
f 524/24/184 470/24/184 471/27/184 454/27/184
f 454/192/1 453/192/1 472/192/1 582/192/1 471/192/1
f 429/265/328 514/266/328 504/69/328 480/70/328
f 521/267/329 461/70/329 433/69/329 538/268/329
f 519/269/187 458/23/187 475/23/187 428/20/187
f 478/270/330 479/71/330 515/68/330 505/271/330
f 424/272/331 547/273/331 512/68/331 462/71/331
f 444/274/231 535/275/231 491/275/231 497/274/231
f 535/275/232 491/275/232 554/277/232 568/276/232
f 541/186/332 544/280/332 463/279/332 464/278/332
f 9/255/333 477/282/333 545/281/333 436/232/333
f 452/283/235 531/286/235 495/285/235 492/284/235
f 531/286/236 495/285/236 564/287/236 558/287/236
f 533/288/334 493/16/334 481/17/334 478/270/334
f 486/289/238 533/288/238 478/270/238 505/271/238
f 459/290/239 527/291/239 499/291/239 488/290/239
f 527/291/240 499/291/240 574/292/240 580/292/240
f 429/265/335 428/20/335 473/21/335 469/293/335
f 514/266/173 429/265/173 469/293/173 511/294/173
f 463/279/242 523/297/242 503/296/242 482/295/242
f 523/297/243 503/296/243 552/299/243 570/298/243
f 508/300/336 470/24/336 583/25/336 500/301/336 497/274/336
f 494/302/166 508/300/166 497/274/166 491/275/166
f 424/272/236 547/273/236 505/271/236 478/270/236
f 547/273/235 505/271/235 557/304/235 566/303/235
f 439/261/243 539/262/243 511/294/243 469/293/243
f 539/262/242 511/294/242 572/305/242 578/305/242
f 455/306/337 448/28/337 496/29/337 492/284/337
f 498/307/168 455/306/168 492/284/168 495/285/168
f 432/308/240 543/309/240 487/309/240 501/308/240
f 543/309/239 487/309/239 576/310/239 556/310/239
f 467/190/232 517/313/232 507/312/232 474/311/232
f 517/313/231 507/312/231 562/314/231 555/314/231
f 513/315/246 542/316/246 547/273/246 424/272/246
f 542/316/247 547/273/247 566/303/247 551/317/247
f 521/267/248 538/268/248 543/309/248 432/308/248
f 538/268/249 543/309/249 556/310/249 573/318/249
f 525/300/250 534/302/250 539/262/250 439/261/250
f 534/302/251 539/262/251 578/305/251 563/319/251
f 529/306/252 530/307/252 535/275/252 444/274/252
f 530/307/253 535/275/253 568/276/253 553/320/253
f 536/321/247 526/322/247 531/286/247 452/283/247
f 526/322/246 531/286/246 558/287/246 575/323/246
f 540/324/249 522/325/249 527/291/249 459/290/249
f 522/325/248 527/291/248 580/292/248 565/326/248
f 509/191/253 546/327/253 517/313/253 467/190/253
f 546/327/252 517/313/252 555/314/252 561/328/252
f 544/280/251 520/329/251 523/297/251 463/279/251
f 520/329/250 523/297/250 570/298/250 560/330/250
f 447/321/338 440/32/338 489/33/338 488/290/338
f 502/322/170 447/321/170 488/290/170 499/291/170
f 518/315/339 515/68/339 504/69/339 501/308/339
f 490/331/174 518/315/174 501/308/174 487/309/174
f 474/311/171 507/312/171 516/333/171 548/332/171
f 507/312/171 562/314/171 550/334/171 516/333/171
f 435/324/340 434/76/340 485/77/340 482/295/340
f 510/325/172 435/324/172 482/295/172 503/296/172
f 544/280/184 541/186/184 545/186/184 548/335/184
f 520/329/184 544/280/184 548/335/184 516/336/184
f 509/191/160 506/188/160 493/16/160 533/288/160
f 546/327/160 509/191/160 533/288/160 486/289/160
f 513/315/179 512/68/179 515/68/179 518/315/179
f 542/316/179 513/315/179 518/315/179 490/331/179
f 540/324/175 537/76/175 434/76/175 435/324/175
f 522/325/175 540/324/175 435/324/175 510/325/175
f 536/321/162 532/32/162 440/32/162 447/321/162
f 526/322/162 536/321/162 447/321/162 502/322/162
f 529/306/181 528/28/181 448/28/181 455/306/181
f 530/307/181 529/306/181 455/306/181 498/307/181
f 503/296/251 516/333/251 550/334/251 552/299/251
f 525/300/159 524/24/159 470/24/159 508/300/159
f 534/302/159 525/300/159 508/300/159 494/302/159
f 514/266/248 577/337/248 576/310/248 487/309/248
f 521/267/187 519/269/187 428/20/187 429/265/187
f 538/268/187 521/267/187 429/265/187 514/266/187
f 495/285/247 502/322/247 579/323/247 564/287/247
f 510/325/249 567/326/249 574/292/249 499/291/249
f 451/301/231 444/274/231 497/274/231 500/301/231
f 453/338/231 451/301/231 500/301/231 472/338/231
f 456/339/235 452/283/235 492/284/235 496/29/235
f 449/30/235 456/339/235 496/29/235 422/30/235
f 460/33/239 459/290/239 488/290/239 489/33/239
f 445/34/240 426/34/240 489/33/240 460/33/240
f 464/278/242 463/279/242 482/295/242 485/77/242
f 441/78/242 464/278/242 485/77/242 430/78/242
f 502/322/1 495/285/1 531/286/1 526/322/1
f 491/275/1 535/275/1 530/307/1 498/307/1
f 511/294/1 539/262/1 534/302/1 494/302/1
f 514/266/1 487/309/1 543/309/1 538/268/1
f 505/271/1 547/273/1 542/316/1 490/331/1
f 486/289/1 507/312/1 517/313/1 546/327/1
f 516/333/1 503/296/1 523/297/1 520/329/1
f 510/325/1 499/291/1 527/291/1 522/325/1
f 564/287/168 569/320/168 498/307/168 495/285/168
f 425/358/236 424/272/236 478/270/236 481/17/236
f 554/277/166 559/319/166 494/302/166 491/275/166
f 549/317/162 490/331/162 542/316/162 551/317/162
f 572/305/173 577/337/173 514/266/173 511/294/173
f 465/18/236 425/358/236 481/17/236 484/18/236
f 557/304/238 571/359/238 486/289/238 505/271/238
f 438/187/341 541/186/341 464/278/341 441/78/341
f 443/360/243 439/261/243 469/293/243 473/21/243
f 562/314/253 507/312/253 486/289/253 571/359/253
f 457/22/243 443/360/243 473/21/243 476/22/243
f 557/304/246 505/271/246 490/331/246 549/317/246
f 433/69/240 432/308/240 501/308/240 504/69/240
f 461/70/239 480/70/239 504/69/239 433/69/239
f 572/305/250 511/294/250 494/302/250 559/319/250
f 554/277/252 491/275/252 498/307/252 569/320/252
f 468/189/232 467/190/232 474/311/232 477/282/232
f 437/255/231 9/255/231 477/282/231 468/189/231
f 512/68/342 513/315/342 424/272/342 425/358/342
f 462/71/343 512/68/343 425/358/343 465/18/343
f 519/269/344 521/267/344 432/308/344 433/69/344
f 577/337/175 514/266/175 538/268/175 573/318/175
f 458/23/345 519/269/345 433/69/345 461/70/345
f 524/24/346 525/300/346 439/261/346 443/360/346
f 454/27/347 524/24/347 443/360/347 457/22/347
f 559/319/184 494/302/184 534/302/184 563/319/184
f 528/28/348 529/306/348 444/274/348 451/301/348
f 450/31/349 528/28/349 451/301/349 453/338/349
f 571/359/181 486/289/181 546/327/181 561/328/181
f 569/320/160 498/307/160 530/307/160 553/320/160
f 550/330/159 516/336/159 520/329/159 560/330/159
f 532/32/350 536/321/350 452/283/350 456/339/350
f 477/282/351 474/311/351 548/332/351 545/281/351
f 579/323/179 502/322/179 526/322/179 575/323/179
f 552/299/172 567/326/172 510/325/172 503/296/172
f 446/35/352 532/32/352 456/339/352 449/30/352
f 576/310/174 549/317/174 490/331/174 487/309/174
f 567/326/187 510/325/187 522/325/187 565/326/187
f 574/292/170 579/323/170 502/322/170 499/291/170
f 537/76/353 540/324/353 459/290/353 460/33/353
f 469/293/354 471/27/354 470/24/354 511/294/354
f 524/24/355 539/262/355 511/294/355 470/24/355
f 469/293/356 439/261/356 454/27/356 471/27/356
f 429/265/357 480/192/357 461/70/357 521/267/357
f 433/69/358 504/69/358 514/266/358 538/268/358
f 512/68/359 547/273/359 505/271/359 515/68/359
f 424/272/360 462/192/360 479/71/360 478/270/360
f 529/306/361 453/338/361 451/301/361 530/307/361
f 498/307/362 500/301/362 472/338/362 455/306/362
f 500/301/363 498/307/363 530/307/363 451/301/363
f 455/306/364 472/192/364 453/338/364 529/306/364
f 452/283/365 531/286/365 532/32/365 446/35/365
f 492/284/366 427/35/366 440/32/366 495/285/366
f 440/32/367 532/32/367 531/286/367 495/285/367
f 492/284/368 452/283/368 446/35/368 427/35/368
f 540/324/369 445/34/369 460/33/369 522/325/369
f 510/325/370 489/33/370 426/34/370 435/324/370
f 489/33/371 510/325/371 522/325/371 460/33/371
f 445/192/372 540/324/372 435/324/372 426/192/372
f 463/279/373 523/297/373 541/186/373 438/187/373
f 503/296/374 482/295/374 436/187/374 545/186/374
f 545/186/375 541/186/375 523/297/375 503/296/375
f 482/295/376 463/279/376 438/187/376 436/187/376
f 509/191/377 437/255/377 468/189/377 546/327/377
f 486/289/378 477/282/378 9/255/378 533/288/378
f 437/192/379 509/191/379 533/288/379 9/192/379
f 477/282/380 486/289/380 546/327/380 468/189/380
f 476/22/381 471/27/381 470/24/381 473/21/381
f 211/21/382 210/24/382 471/27/382 476/22/382
f 154/28/383 423/31/383 472/338/383 277/301/383
f 423/31/384 448/28/384 500/301/384 472/338/384
f 496/192/385 422/192/385 427/192/385 440/192/385
f 489/192/386 426/192/386 431/192/386 434/192/386
f 485/192/387 430/192/387 436/192/387 545/192/387
f 477/192/388 9/192/388 483/192/388 493/192/388
f 481/192/389 484/192/389 479/192/389 515/192/389
f 504/192/390 480/192/390 475/192/390 428/192/390
f 356/195/246 351/250/246 245/253/246 252/196/246
f 356/195/1 360/195/1 367/250/1 351/250/1
f 355/348/253 251/353/253 255/257/253 326/256/253
f 355/348/1 326/256/1 687/256/1 685/348/1
f 332/235/251 329/260/251 256/351/251 222/236/251
f 332/235/1 382/235/1 387/260/1 329/260/1
f 331/234/249 221/237/249 228/240/249 336/239/249
f 336/239/1 378/239/1 385/234/1 331/234/1
f 340/223/247 335/238/247 227/241/247 234/242/247
f 340/223/1 358/223/1 381/238/1 335/238/1
f 339/224/252 233/243/252 257/244/252 344/212/252
f 339/224/1 344/212/1 372/212/1 377/224/1
f 348/247/250 343/197/250 258/245/250 240/248/250
f 348/247/1 368/247/1 375/197/1 343/197/1
f 239/249/248 246/252/248 352/251/248 347/246/248
f 352/251/1 364/251/1 371/246/1 347/246/1
f 669/361/391 672/362/391 610/362/391 609/361/391
f 583/25/392 582/26/392 472/338/392 500/301/392
f 581/25/393 277/301/393 472/338/393 582/26/393
f 597/363/171 595/364/171 604/364/171 605/363/171
f 586/365/394 587/366/394 589/367/394 588/368/394
f 671/363/395 667/364/395 612/364/395 611/363/395
f 587/355/171 601/361/171 607/361/171 584/355/171
f 588/368/396 589/367/396 591/369/396 590/370/396
f 672/362/397 671/363/397 611/363/397 610/362/397
f 595/364/171 593/371/171 603/371/171 604/364/171
f 590/370/398 591/369/398 593/371/398 592/372/398
f 670/355/399 669/361/399 609/361/399 608/355/399
f 601/361/171 599/362/171 606/362/171 607/361/171
f 592/372/400 593/371/400 595/364/400 594/373/400
f 666/371/401 668/369/401 614/369/401 613/371/401
f 593/371/171 591/369/171 602/369/171 603/371/171
f 594/373/402 595/364/402 597/363/402 596/374/402
f 610/362/171 611/363/171 619/363/171 618/362/171
f 589/367/171 587/366/171 584/366/171 585/367/171
f 596/374/403 597/363/403 599/362/403 598/375/403
f 599/362/171 597/363/171 605/363/171 606/362/171
f 667/364/404 666/371/404 613/371/404 612/364/404
f 598/375/405 599/362/405 601/361/405 600/376/405
f 668/369/406 673/367/406 615/367/406 614/369/406
f 591/369/171 589/367/171 585/367/171 602/369/171
f 600/376/407 601/361/407 587/355/407 586/232/407
f 592/372/408 594/373/408 678/373/408 677/372/408
f 673/367/409 670/366/409 608/366/409 615/367/409
f 622/369/410 623/367/410 631/367/410 630/369/410
f 608/355/171 609/361/171 617/361/171 616/355/171
f 615/367/171 608/366/171 616/366/171 623/367/171
f 613/371/171 614/369/171 622/369/171 621/371/171
f 611/363/171 612/364/171 620/364/171 619/363/171
f 609/361/171 610/362/171 618/362/171 617/361/171
f 614/369/171 615/367/171 623/367/171 622/369/171
f 612/364/171 613/371/171 621/371/171 620/364/171
f 631/36/166 624/63/166 625/54/166 626/64/166 627/377/166 628/41/166 629/378/166 630/38/166
f 620/364/411 621/371/411 629/371/411 628/364/411
f 618/362/412 619/363/412 627/363/412 626/362/412
f 616/355/413 617/361/413 625/361/413 624/355/413
f 641/361/414 640/361/414 729/361/414 727/361/414
f 636/363/171 635/364/171 734/364/171 731/363/171
f 649/371/415 647/371/415 735/371/415 736/371/415
f 665/363/416 663/363/416 636/363/416 637/363/416
f 664/41/166 665/377/166 637/377/166 634/41/166
f 663/363/171 662/364/171 635/364/171 636/363/171
f 662/364/417 664/364/417 634/364/417 635/364/417
f 643/355/416 642/355/416 725/355/416 726/355/416
f 651/361/171 650/362/171 639/362/171 640/361/171
f 653/64/166 652/54/166 641/54/166 638/64/166
f 652/361/414 651/361/414 640/361/414 641/361/414
f 650/362/415 653/362/415 638/362/415 639/362/415
f 657/367/417 655/367/417 644/367/417 645/367/417
f 656/63/166 657/36/166 645/36/166 642/63/166
f 655/367/171 654/366/171 643/366/171 644/367/171
f 654/355/416 656/355/416 642/355/416 643/355/416
f 661/371/415 658/371/415 647/371/415 649/371/415
f 660/38/166 661/378/166 649/378/166 648/38/166
f 659/369/414 660/369/414 648/369/414 646/369/414
f 658/371/171 659/369/171 646/369/171 647/371/171
f 618/362/415 626/362/415 653/362/415 650/362/415
f 625/361/414 617/361/414 651/361/414 652/361/414
f 626/64/166 625/54/166 652/54/166 653/64/166
f 617/361/171 618/362/171 650/362/171 651/361/171
f 616/355/416 624/355/416 656/355/416 654/355/416
f 623/367/171 616/366/171 654/366/171 655/367/171
f 624/63/166 631/36/166 657/36/166 656/63/166
f 631/367/417 623/367/417 655/367/417 657/367/417
f 621/371/171 622/369/171 659/369/171 658/371/171
f 622/369/414 630/369/414 660/369/414 659/369/414
f 630/38/166 629/378/166 661/378/166 660/38/166
f 629/371/415 621/371/415 658/371/415 661/371/415
f 620/364/417 628/364/417 664/364/417 662/364/417
f 619/363/171 620/364/171 662/364/171 663/363/171
f 628/41/166 627/377/166 665/377/166 664/41/166
f 627/363/416 619/363/416 663/363/416 665/363/416
f 585/367/418 584/366/418 670/366/418 673/367/418
f 602/369/419 585/367/419 673/367/419 668/369/419
f 604/364/420 603/371/420 666/371/420 667/364/420
f 603/371/421 602/369/421 668/369/421 666/371/421
f 584/355/422 607/361/422 669/361/422 670/355/422
f 606/362/423 605/363/423 671/363/423 672/362/423
f 605/363/424 604/364/424 667/364/424 671/363/424
f 607/361/425 606/362/425 672/362/425 669/361/425
f 480/192/426 281/192/426 3/192/426 475/192/426
f 484/192/427 215/192/427 292/192/427 479/192/427
f 483/192/428 9/192/428 213/192/428 270/192/428
f 430/192/429 262/192/429 322/192/429 436/192/429
f 426/192/430 266/192/430 7/192/430 431/192/430
f 422/192/431 273/192/431 150/192/431 427/192/431
f 674/379/171 675/380/171 676/381/171 677/382/171 678/383/171 679/384/171 680/385/171 681/386/171
f 594/373/432 596/374/432 679/374/432 678/373/432
f 586/365/433 588/368/433 675/368/433 674/365/433
f 588/368/434 590/370/434 676/370/434 675/368/434
f 596/374/435 598/375/435 680/375/435 679/374/435
f 600/376/436 586/232/436 674/232/436 681/376/436
f 590/370/437 592/372/437 677/372/437 676/370/437
f 598/375/438 600/376/438 681/376/438 680/375/438
f 204/387/253 693/388/253 682/350/253
f 362/389/253 204/387/253 682/350/253 684/349/253
f 363/390/253 362/389/253 684/349/253 685/348/253
f 389/391/253 388/392/253 687/256/253 686/230/253
f 388/392/253 363/390/253 685/348/253 687/256/253
f 165/393/253 389/391/253 686/230/253 683/233/253
f 698/391/248 699/392/248 718/392/248 717/391/248
f 692/225/1 688/202/1 27/201/1
f 693/203/1 688/202/1 205/46/1 682/45/1
f 690/217/1 692/225/1 27/201/1
f 691/218/1 690/217/1 27/201/1 183/6/1 182/5/1
f 691/357/252 689/354/252 373/209/252 187/208/252
f 363/390/2 388/392/2 711/392/2 709/390/2
f 694/394/253 165/393/253 683/233/253
f 701/388/249 703/204/249 722/204/249 720/388/249
f 697/390/249 695/389/249 705/389/249 716/390/249
f 388/392/249 389/391/249 710/391/249 711/392/249
f 703/204/1 693/203/1 713/203/1 722/204/1
f 165/393/249 694/394/249 715/394/249 712/393/249
f 362/389/248 363/390/248 709/390/248 707/389/248
f 694/206/1 704/205/1 714/205/1 715/206/1
f 710/391/253 712/393/253 719/393/253 717/391/253
f 712/393/253 715/394/253 721/394/253 719/393/253
f 711/392/253 710/391/253 717/391/253 718/392/253
f 713/388/253 708/387/253 706/387/253 720/388/253
f 708/387/253 707/389/253 705/389/253 706/387/253
f 709/390/253 711/392/253 718/392/253 716/390/253
f 715/206/253 714/205/253 721/206/253
f 707/389/253 709/390/253 716/390/253 705/389/253
f 720/203/253 722/204/253 713/203/253
f 389/391/249 165/393/249 712/393/249 710/391/249
f 699/392/1 697/390/1 716/390/1 718/392/1
f 704/205/248 702/206/248 721/206/248 714/205/248
f 700/393/248 698/391/248 717/391/248 719/393/248
f 695/389/249 696/387/249 706/387/249 705/389/249
f 696/387/249 701/388/249 720/388/249 706/387/249
f 693/388/248 204/387/248 708/387/248 713/388/248
f 204/387/248 362/389/248 707/389/248 708/387/248
f 702/206/248 700/393/248 719/393/248 721/206/248
f 723/367/414 726/366/414 725/355/414 724/36/414
f 642/63/166 645/36/166 724/36/166 725/63/166
f 644/367/171 643/366/171 726/366/171 723/367/171
f 645/367/417 644/367/417 723/367/417 724/367/417
f 728/64/416 727/54/416 729/361/416 730/362/416
f 639/362/415 638/362/415 728/362/415 730/362/415
f 638/64/166 641/54/166 727/54/166 728/64/166
f 640/361/171 639/362/171 730/362/171 729/361/171
f 731/363/415 734/364/415 733/364/415 732/377/415
f 637/363/416 636/363/416 731/363/416 732/363/416
f 635/364/417 634/364/417 733/364/417 734/364/417
f 634/41/166 637/377/166 732/377/166 733/41/166
f 735/371/417 738/369/417 737/369/417 736/378/417
f 647/371/171 646/369/171 738/369/171 735/371/171
f 648/38/166 649/378/166 736/378/166 737/38/166
f 646/369/414 648/369/414 737/369/414 738/369/414
usemtl Roof
f 19/36/8 52/39/8 30/40/8
f 22/41/9 45/42/9 36/43/9
f 21/47/10 48/52/10 34/53/10
f 25/54/11 51/55/11 42/56/11
f 23/48/13 55/72/13 38/73/13
f 24/64/14 56/74/14 40/75/14
f 20/38/17 59/83/17 32/84/17
f 33/88/18 48/52/18 21/47/18
f 32/84/19 60/89/19 33/88/19
f 33/88/20 60/89/20 48/52/20
f 60/89/21 49/90/21 48/52/21
f 32/84/22 59/83/22 60/89/22
f 59/83/23 58/91/23 60/89/23
f 60/89/24 58/91/24 49/90/24
f 41/92/25 51/55/25 25/54/25
f 40/75/26 61/93/26 41/92/26
f 41/92/27 61/93/27 51/55/27
f 61/93/28 50/94/28 51/55/28
f 40/75/29 56/74/29 61/93/29
f 56/74/30 57/95/30 61/93/30
f 61/93/31 57/95/31 50/94/31
f 39/96/32 56/74/32 24/64/32
f 38/73/33 62/97/33 39/96/33
f 39/96/34 62/97/34 56/74/34
f 62/97/35 57/95/35 56/74/35
f 38/73/36 55/72/36 62/97/36
f 55/72/37 54/98/37 62/97/37
f 62/97/38 54/98/38 57/95/38
f 46/99/39 28/100/39 18/63/39
f 47/101/40 63/102/40 46/99/40
f 46/99/41 63/102/41 28/100/41
f 63/102/42 29/103/42 28/100/42
f 47/101/43 53/104/43 63/102/43
f 53/104/44 52/39/44 63/102/44
f 63/102/45 52/39/45 29/103/45
f 52/39/46 19/36/46 29/103/46
f 43/105/47 46/99/47 18/63/47
f 42/56/48 64/106/48 43/105/48
f 43/105/49 64/106/49 46/99/49
f 64/106/50 47/101/50 46/99/50
f 42/56/51 51/55/51 64/106/51
f 51/55/52 50/94/52 64/106/52
f 64/106/53 50/94/53 47/101/53
f 35/107/54 45/42/54 22/41/54
f 34/53/55 65/108/55 35/107/55
f 35/107/56 65/108/56 45/42/56
f 65/108/57 44/109/57 45/42/57
f 34/53/58 48/52/58 65/108/58
f 48/52/59 49/90/59 65/108/59
f 65/108/60 49/90/60 44/109/60
f 37/110/61 55/72/61 23/48/61
f 36/43/62 66/111/62 37/110/62
f 37/110/63 66/111/63 55/72/63
f 66/111/64 54/98/64 55/72/64
f 36/43/65 45/42/65 66/111/65
f 45/42/66 44/109/66 66/111/66
f 66/111/67 44/109/67 54/98/67
f 31/112/68 59/83/68 20/38/68
f 30/40/69 67/113/69 31/112/69
f 31/112/70 67/113/70 59/83/70
f 67/113/71 58/91/71 59/83/71
f 30/40/72 52/39/72 67/113/72
f 52/39/73 53/104/73 67/113/73
f 67/113/74 53/104/74 58/91/74
f 69/36/75 117/114/75 94/115/75
f 148/116/76 104/117/76 111/118/76
f 147/119/77 68/63/77 114/120/77
f 73/48/78 104/117/78 98/121/78
f 70/38/79 105/122/79 95/123/79
f 74/64/80 120/124/80 99/125/80
f 83/126/81 121/127/81 113/128/81
f 83/126/81 122/129/81 121/127/81
f 90/130/82 106/131/82 123/132/82
f 79/133/83 124/134/83 109/135/83
f 79/133/83 125/136/83 124/134/83
f 89/137/84 119/138/84 126/139/84
f 82/140/85 127/141/85 112/142/85
f 82/140/85 128/143/85 127/141/85
f 88/144/86 118/145/86 129/146/86
f 146/147/87 84/148/87 100/149/87
f 145/150/88 91/151/88 132/152/88
f 144/153/89 77/154/89 133/155/89
f 143/156/90 134/157/90 97/158/90
f 142/159/91 135/160/91 136/161/91
f 141/162/92 118/145/92 137/163/92
f 78/164/93 138/165/93 108/166/93
f 78/164/93 139/167/93 138/165/93
f 87/168/94 103/169/94 140/170/94
f 140/170/95 119/138/95 89/137/95
f 140/170/96 103/169/96 119/138/96
f 103/169/97 76/37/97 119/138/97
f 138/165/98 140/170/98 89/137/98
f 138/165/99 139/167/99 140/170/99
f 139/167/100 87/168/100 140/170/100
f 108/166/75 105/122/75 70/38/75
f 108/166/101 138/165/101 105/122/101
f 138/165/102 89/137/102 105/122/102
f 135/160/103 141/162/103 92/171/103
f 86/172/104 102/173/104 135/160/104
f 102/173/105 76/37/105 141/162/105
f 96/174/106 142/159/106 80/175/106
f 71/47/107 116/176/107 96/174/107
f 116/176/108 86/172/108 142/159/108
f 110/177/109 143/156/109 72/41/109
f 80/175/110 136/161/110 110/177/110
f 136/161/111 92/171/111 143/156/111
f 131/178/112 144/153/112 133/155/112
f 87/168/113 144/153/113 131/178/113
f 117/114/114 107/179/114 144/153/114
f 115/180/115 132/152/115 85/181/115
f 76/37/116 145/150/116 115/180/116
f 103/169/117 131/178/117 145/150/117
f 101/182/118 146/147/118 100/149/118
f 85/181/119 146/147/119 101/182/119
f 132/152/120 130/183/120 146/147/120
f 129/146/121 106/131/121 90/130/121
f 129/146/122 118/145/122 106/131/122
f 118/145/123 76/37/123 106/131/123
f 127/141/124 129/146/124 90/130/124
f 127/141/125 128/143/125 129/146/125
f 128/143/126 88/144/126 129/146/126
f 112/142/78 120/124/78 74/64/78
f 112/142/127 127/141/127 120/124/127
f 127/141/128 90/130/128 120/124/128
f 126/139/129 102/173/129 86/172/129
f 126/139/130 119/138/130 102/173/130
f 119/138/131 76/37/131 102/173/131
f 124/134/132 126/139/132 86/172/132
f 124/134/133 125/136/133 126/139/133
f 125/136/134 89/137/134 126/139/134
f 109/135/79 116/176/79 71/47/79
f 109/135/135 124/134/135 116/176/135
f 124/134/136 86/172/136 116/176/136
f 123/132/137 115/180/137 85/181/137
f 123/132/138 106/131/138 115/180/138
f 106/131/139 76/37/139 115/180/139
f 121/127/140 123/132/140 85/181/140
f 121/127/141 122/129/141 123/132/141
f 122/129/142 90/130/142 123/132/142
f 113/128/80 101/182/80 75/54/80
f 113/128/143 121/127/143 101/182/143
f 121/127/144 85/181/144 101/182/144
f 99/125/81 122/129/81 83/126/81
f 99/125/145 120/124/145 122/129/145
f 120/124/146 90/130/146 122/129/146
f 95/123/83 125/136/83 79/133/83
f 95/123/147 105/122/147 125/136/147
f 105/122/148 89/137/148 125/136/148
f 98/121/85 128/143/85 82/140/85
f 98/121/149 104/117/149 128/143/149
f 104/117/150 88/144/150 128/143/150
f 130/183/151 114/120/151 84/148/151
f 91/151/152 147/119/152 130/183/152
f 133/155/153 77/154/153 93/184/153
f 134/157/154 148/116/154 81/185/154
f 92/171/155 137/163/155 134/157/155
f 137/163/156 88/144/156 148/116/156
f 94/115/93 139/167/93 78/164/93
f 94/115/157 117/114/157 139/167/157
f 117/114/158 87/168/158 139/167/158
f 143/156/189 92/171/189 134/157/189
f 72/41/190 143/156/190 97/158/190
f 141/162/191 76/37/191 118/145/191
f 92/171/192 141/162/192 137/163/192
f 110/177/193 136/161/193 143/156/193
f 135/160/194 102/173/194 141/162/194
f 136/161/195 135/160/195 92/171/195
f 142/159/196 86/172/196 135/160/196
f 80/175/197 142/159/197 136/161/197
f 96/174/198 116/176/198 142/159/198
f 134/157/199 137/163/199 148/116/199
f 97/158/200 134/157/200 81/185/200
f 137/163/201 118/145/201 88/144/201
f 148/116/202 88/144/202 104/117/202
f 81/185/203 148/116/203 111/118/203
f 111/118/204 104/117/204 73/48/204
f 100/149/205 75/54/205 101/182/205
f 107/179/206 117/114/206 69/36/206
f 144/153/207 87/168/207 117/114/207
f 77/154/208 144/153/208 107/179/208
f 131/178/209 103/169/209 87/168/209
f 93/184/210 147/119/210 133/155/210
f 133/155/211 91/151/211 131/178/211
f 147/119/212 91/151/212 133/155/212
f 68/63/213 147/119/213 93/184/213
f 91/151/214 145/150/214 131/178/214
f 145/150/215 76/37/215 103/169/215
f 132/152/216 115/180/216 145/150/216
f 130/183/217 132/152/217 91/151/217
f 114/120/218 130/183/218 147/119/218
f 84/148/219 146/147/219 130/183/219
f 146/147/220 85/181/220 132/152/220
f 113/128/221 75/54/221 261/128/221
f 69/36/222 94/115/222 261/36/222
f 100/149/223 84/148/223 261/149/223
f 78/164/222 108/166/222 261/164/222
f 114/120/223 68/63/223 261/120/223
f 70/38/224 95/123/224 261/38/224
f 79/133/224 109/135/224 261/133/224
f 71/47/225 96/174/225 261/47/225
f 80/175/225 110/177/225 261/175/225
f 72/41/226 97/158/226 261/41/226
f 81/185/226 111/118/226 261/185/226
f 73/48/227 98/121/227 261/48/227
f 82/140/227 112/142/227 261/140/227
f 74/64/221 99/125/221 261/64/221
f 83/126/221 113/128/221 261/126/221
f 75/54/223 100/149/223 261/54/223
f 84/148/223 114/120/223 261/148/223
f 93/184/228 77/154/228 261/184/228
f 107/179/228 69/36/228 261/179/228
f 94/115/222 78/164/222 261/115/222
f 108/166/222 70/38/222 261/166/222
f 95/123/224 79/133/224 261/123/224
f 109/135/224 71/47/224 261/135/224
f 96/174/225 80/175/225 261/174/225
f 110/177/225 72/41/225 261/177/225
f 97/158/226 81/185/226 261/158/226
f 111/118/226 73/48/226 261/118/226
f 98/121/227 82/140/227 261/121/227
f 112/142/227 74/64/227 261/142/227
f 68/63/228 93/184/228 261/63/228
f 99/125/221 83/126/221 261/125/221
f 77/154/228 107/179/228 261/154/228
f 29/103/1 19/36/1 30/40/1 31/112/1 20/38/1 32/84/1 33/88/1 21/47/1 34/53/1 35/107/1 22/41/1 36/43/1 37/110/1 23/48/1 38/73/1 39/96/1 24/64/1 40/75/1 41/92/1 25/54/1 42/56/1 43/105/1 18/63/1 28/100/1
usemtl Blade
f 782/192/166 779/192/166 780/192/166 781/192/166
f 785/192/166 783/192/166 784/192/166 786/192/166
f 789/192/166 787/192/166 788/192/166 790/192/166
f 791/192/166 793/192/166 794/192/166 792/192/166
f 934/192/166 931/192/166 932/192/166 933/192/166
f 937/192/166 935/192/166 936/192/166 938/192/166
f 941/192/166 939/192/166 940/192/166 942/192/166
f 943/192/166 945/192/166 946/192/166 944/192/166
f 1086/192/166 1083/192/166 1084/192/166 1085/192/166
f 1089/192/166 1087/192/166 1088/192/166 1090/192/166
f 1093/192/166 1091/192/166 1092/192/166 1094/192/166
f 1095/192/166 1097/192/166 1098/192/166 1096/192/166
f 1238/192/166 1235/192/166 1236/192/166 1237/192/166
f 1241/192/166 1239/192/166 1240/192/166 1242/192/166
f 1245/192/166 1243/192/166 1244/192/166 1246/192/166
f 1247/192/166 1249/192/166 1250/192/166 1248/192/166
usemtl Dark
f 702/206/253 704/205/253 703/204/253 701/388/253 696/387/253 695/389/253 697/390/253 699/392/253 698/391/253 700/393/253
usemtl Wood
f 747/192/439 755/192/439 759/192/439 745/192/439
f 741/192/440 753/192/440 758/192/440 744/192/440
f 749/192/441 754/192/441 755/192/441 747/192/441
f 752/192/166 760/192/166 761/192/166 751/192/166
f 742/192/442 748/192/442 760/192/442 752/192/442
f 754/192/166 762/192/166 759/192/166 755/192/166
f 758/192/166 753/192/166 757/192/166 756/192/166
f 740/192/443 757/192/443 753/192/443 741/192/443
f 744/192/444 758/192/444 756/192/444 743/192/444
f 746/192/445 739/192/445 751/192/445 761/192/445
f 748/192/446 746/192/446 761/192/446 760/192/446
f 739/192/447 742/192/447 752/192/447 751/192/447
f 743/192/448 756/192/448 757/192/448 740/192/448
f 745/192/449 759/192/449 762/192/449 750/192/449
f 750/192/450 762/192/450 754/192/450 749/192/450
f 800/192/444 825/192/444 824/192/444 764/192/444
f 781/192/451 810/192/451 809/192/451 782/192/451
f 789/192/452 817/192/452 849/192/452 805/192/452
f 843/192/453 874/192/453 872/192/453 778/192/453
f 842/192/166 873/192/166 874/192/166 843/192/166
f 776/192/439 841/192/439 850/192/439 806/192/439
f 788/192/454 816/192/454 837/192/454 797/192/454
f 838/192/455 773/192/455 859/192/455 867/192/455
f 805/192/439 773/192/439 838/192/439 849/192/439
f 798/192/456 826/192/456 807/192/456 779/192/456
f 832/192/166 866/192/166 865/192/166 831/192/166
f 779/192/457 807/192/457 808/192/457 780/192/457
f 782/192/458 809/192/458 848/192/458 804/192/458
f 793/192/459 821/192/459 822/192/459 794/192/459
f 807/192/166 823/192/166 824/192/166 808/192/166
f 797/192/447 837/192/447 835/192/447 772/192/447
f 795/192/166 806/192/166 792/192/166 794/192/166
f 803/192/458 847/192/458 818/192/458 790/192/458
f 797/192/166 803/192/166 790/192/166 788/192/166
f 792/192/460 820/192/460 819/192/460 791/192/460
f 800/192/166 801/192/166 781/192/166 780/192/166
f 771/192/439 796/192/439 836/192/439 834/192/439
f 802/192/166 799/192/166 783/192/166 785/192/166
f 804/192/447 766/192/447 827/192/447 848/192/447
f 804/192/166 798/192/166 779/192/166 782/192/166
f 805/192/166 796/192/166 787/192/166 789/192/166
f 790/192/461 818/192/461 817/192/461 789/192/461
f 808/192/166 824/192/166 825/192/166
f 809/192/166 827/192/166 848/192/166
f 810/192/166 828/192/166 827/192/166 809/192/166
f 811/192/166 829/192/166 830/192/166 812/192/166
f 814/192/166 832/192/166 831/192/166 813/192/166
f 813/192/166 831/192/166 846/192/166
f 815/192/166 834/192/166 835/192/166 816/192/166
f 817/192/166 838/192/166 849/192/166
f 816/192/166 835/192/166 837/192/166
f 818/192/166 839/192/166 838/192/166 817/192/166
f 820/192/166 841/192/166 840/192/166 819/192/166
f 821/192/166 842/192/166 843/192/166 822/192/166
f 822/192/166 843/192/166 844/192/166
f 836/192/166 834/192/166 815/192/166
f 826/192/166 823/192/166 807/192/166
f 833/192/166 829/192/166 811/192/166
f 845/192/166 828/192/166 810/192/166
f 847/192/166 839/192/166 818/192/166
f 850/192/166 841/192/166 820/192/166
f 806/192/452 850/192/452 820/192/452 792/192/452
f 783/192/462 811/192/462 812/192/462 784/192/462
f 795/192/439 844/192/439 843/192/439 778/192/439
f 799/192/463 833/192/463 811/192/463 783/192/463
f 763/192/447 798/192/447 826/192/447 823/192/447
f 786/192/464 785/192/464 814/192/464
f 780/192/463 808/192/463 825/192/463 800/192/463
f 774/192/455 860/192/455 868/192/455 839/192/455
f 814/192/465 786/192/465 854/192/465 853/192/465
f 765/192/444 828/192/444 845/192/444 801/192/444
f 763/192/171 764/192/171 876/192/171 875/192/171
f 802/192/444 769/192/444 831/192/444 846/192/444
f 841/192/166 870/192/166 869/192/166 840/192/166
f 787/192/466 815/192/466 816/192/466 788/192/466
f 801/192/467 845/192/467 810/192/467 781/192/467
f 770/192/414 832/192/414 853/192/414 854/192/414
f 785/192/467 813/192/467 846/192/467 802/192/467
f 767/192/443 829/192/443 833/192/443 799/192/443
f 796/192/468 836/192/468 815/192/468 787/192/468
f 774/192/447 839/192/447 847/192/447 803/192/447
f 777/192/469 871/192/469 873/192/469 842/192/469
f 794/192/468 822/192/468 844/192/468 795/192/468
f 814/192/166 853/192/166 832/192/166
f 852/192/414 830/192/414 768/192/414 851/192/414
f 814/192/470 785/192/470 813/192/470
f 814/192/470 786/192/470 785/192/470 813/192/470
f 830/192/166 852/192/166 812/192/166
f 784/192/471 812/192/471 852/192/471 851/192/471
f 861/192/472 869/192/472 870/192/472 862/192/472
f 859/192/473 867/192/473 868/192/473 860/192/473
f 855/192/474 863/192/474 864/192/474 856/192/474
f 857/192/464 865/192/464 866/192/464 858/192/464
f 831/192/455 769/192/455 857/192/455 865/192/455
f 766/192/171 855/192/171 856/192/171 765/192/171
f 773/192/171 859/192/171 860/192/171 774/192/171
f 775/192/171 861/192/171 862/192/171 776/192/171
f 770/192/455 858/192/455 866/192/455 832/192/455
f 769/192/171 857/192/171 858/192/171 770/192/171
f 776/192/455 862/192/455 870/192/455 841/192/455
f 827/192/455 766/192/455 855/192/455 863/192/455
f 840/192/475 869/192/475 861/192/475 775/192/475
f 765/192/455 856/192/455 864/192/455 828/192/455
f 828/192/166 864/192/166 863/192/166 827/192/166
f 839/192/166 868/192/166 867/192/166 838/192/166
f 768/192/453 830/192/453 888/192/453 878/192/453
f 823/192/453 885/192/453 875/192/453 763/192/453
f 771/192/171 772/192/171 880/192/171 879/192/171
f 835/192/166 834/192/166 884/192/166 883/192/166
f 824/192/453 886/192/453 876/192/453 764/192/453
f 830/192/166 829/192/166 887/192/166 888/192/166
f 778/192/171 872/192/171 871/192/171 777/192/171
f 771/192/453 834/192/453 884/192/453 879/192/453
f 823/192/166 885/192/166 886/192/166 824/192/166
f 767/192/469 877/192/469 887/192/469 829/192/469
f 772/192/453 835/192/453 883/192/453 880/192/453
f 876/192/476 886/192/476 885/192/476 875/192/476
f 882/192/477 890/192/477 889/192/477 881/192/477
f 878/192/478 888/192/478 887/192/478 877/192/478
f 880/192/479 883/192/479 884/192/479 879/192/479
f 873/192/166 889/192/166 890/192/166 874/192/166
f 871/192/469 881/192/469 889/192/469 873/192/469
f 872/192/171 882/192/171 881/192/171 871/192/171
f 874/192/453 890/192/453 882/192/453 872/192/453
f 767/192/171 768/192/171 878/192/171 877/192/171
f 837/192/166 835/192/166 883/192/166 885/192/166 823/192/166 826/192/166
f 797/192/166 798/192/166 804/192/166 803/192/166
f 803/192/458 804/192/458 848/192/458 847/192/458
f 848/192/166 827/192/166 839/192/166 847/192/166
f 868/192/166 839/192/166 827/192/166 863/192/166
f 826/192/456 798/192/456 797/192/456 837/192/456
f 860/192/442 868/192/442 863/192/442 855/192/442
f 885/192/445 883/192/445 880/192/445 875/192/445
f 884/192/449 890/192/449 882/192/449 879/192/449
f 834/192/166 843/192/166 874/192/166 890/192/166 884/192/166
f 834/192/166 836/192/166 844/192/166 843/192/166
f 795/192/468 844/192/468 836/192/468 796/192/468
f 795/192/166 796/192/166 805/192/166 806/192/166
f 806/192/452 805/192/452 849/192/452 850/192/452
f 850/192/166 849/192/166 838/192/166 841/192/166
f 841/192/166 838/192/166 867/192/166 870/192/166
f 870/192/441 867/192/441 859/192/441 862/192/441
f 857/192/440 856/192/440 864/192/440 865/192/440
f 828/192/166 831/192/166 865/192/166 864/192/166
f 828/192/166 845/192/166 846/192/166 831/192/166
f 846/192/480 845/192/480 801/192/480 802/192/480
f 799/192/166 802/192/166 801/192/166 800/192/166
f 800/192/463 825/192/463 833/192/463 799/192/463
f 833/192/166 825/192/166 824/192/166 829/192/166
f 829/192/166 824/192/166 886/192/166 887/192/166
f 776/192/171 792/192/171 791/192/171 775/192/171
f 777/192/171 793/192/171 794/192/171 778/192/171
f 771/192/171 787/192/171 788/192/171 772/192/171
f 774/192/171 790/192/171 789/192/171 773/192/171
f 765/192/171 781/192/171 782/192/171 766/192/171
f 763/192/171 779/192/171 780/192/171 764/192/171
f 767/192/171 783/192/171 784/192/171 768/192/171
f 769/192/171 770/192/171 786/192/171 785/192/171
f 851/192/171 768/192/171 784/192/171
f 854/192/171 786/192/171 770/192/171
f 785/192/171 802/192/171 769/192/171
f 801/192/171 781/192/171 765/192/171
f 769/192/171 765/192/171 856/192/171 857/192/171
f 765/192/171 769/192/171 802/192/171 801/192/171
f 767/192/171 799/192/171 783/192/171
f 767/192/166 764/192/166 876/192/166 877/192/166
f 800/192/171 764/192/171 780/192/171
f 767/192/166 799/192/166 800/192/166 764/192/166
f 763/192/171 798/192/171 779/192/171
f 772/192/171 788/192/171 797/192/171
f 763/192/171 772/192/171 797/192/171 798/192/171
f 763/192/171 875/192/171 880/192/171 772/192/171
f 790/192/171 774/192/171 803/192/171
f 782/192/171 804/192/171 766/192/171
f 804/192/171 803/192/171 774/192/171 766/192/171
f 855/192/171 766/192/171 774/192/171 860/192/171
f 789/192/171 805/192/171 773/192/171
f 806/192/171 792/192/171 776/192/171
f 776/192/171 773/192/171 805/192/171 806/192/171
f 862/192/171 859/192/171 773/192/171 776/192/171
f 796/192/171 787/192/171 771/192/171
f 771/192/171 879/192/171 882/192/171 872/192/171 778/192/171
f 795/192/171 778/192/171 794/192/171
f 771/192/171 778/192/171 795/192/171 796/192/171
f 749/192/171 747/192/171 745/192/171 750/192/171
f 739/192/171 746/192/171 748/192/171 742/192/171
f 743/192/171 740/192/171 741/192/171 744/192/171
f 899/192/441 907/192/441 911/192/441 897/192/441
f 893/192/443 905/192/443 910/192/443 896/192/443
f 901/192/450 906/192/450 907/192/450 899/192/450
f 904/192/166 912/192/166 913/192/166 903/192/166
f 894/192/446 900/192/446 912/192/446 904/192/446
f 906/192/166 914/192/166 911/192/166 907/192/166
f 910/192/166 905/192/166 909/192/166 908/192/166
f 892/192/448 909/192/448 905/192/448 893/192/448
f 896/192/440 910/192/440 908/192/440 895/192/440
f 898/192/447 891/192/447 903/192/447 913/192/447
f 900/192/445 898/192/445 913/192/445 912/192/445
f 891/192/442 894/192/442 904/192/442 903/192/442
f 895/192/444 908/192/444 909/192/444 892/192/444
f 897/192/439 911/192/439 914/192/439 902/192/439
f 902/192/449 914/192/449 906/192/449 901/192/449
f 952/192/440 977/192/440 976/192/440 916/192/440
f 933/192/481 962/192/481 961/192/481 934/192/481
f 941/192/482 969/192/482 1001/192/482 957/192/482
f 995/192/483 930/192/483 1024/192/483 1026/192/483
f 994/192/166 1025/192/166 1026/192/166 995/192/166
f 928/192/449 958/192/449 1002/192/449 993/192/449
f 940/192/484 968/192/484 989/192/484 949/192/484
f 990/192/485 1019/192/485 1011/192/485 925/192/485
f 957/192/449 1001/192/449 990/192/449 925/192/449
f 950/192/486 978/192/486 959/192/486 931/192/486
f 984/192/166 1018/192/166 1017/192/166 983/192/166
f 931/192/487 959/192/487 960/192/487 932/192/487
f 934/192/488 961/192/488 1000/192/488 956/192/488
f 945/192/489 973/192/489 974/192/489 946/192/489
f 959/192/166 975/192/166 976/192/166 960/192/166
f 949/192/445 924/192/445 987/192/445 989/192/445
f 947/192/166 958/192/166 944/192/166 946/192/166
f 955/192/490 999/192/490 970/192/490 942/192/490
f 949/192/166 955/192/166 942/192/166 940/192/166
f 944/192/491 972/192/491 971/192/491 943/192/491
f 952/192/166 953/192/166 933/192/166 932/192/166
f 923/192/449 986/192/449 988/192/449 948/192/449
f 954/192/166 951/192/166 935/192/166 937/192/166
f 956/192/445 1000/192/445 979/192/445 918/192/445
f 956/192/166 950/192/166 931/192/166 934/192/166
f 957/192/166 948/192/166 939/192/166 941/192/166
f 942/192/492 970/192/492 969/192/492 941/192/492
f 960/192/166 976/192/166 977/192/166
f 961/192/166 979/192/166 1000/192/166
f 962/192/166 980/192/166 979/192/166 961/192/166
f 963/192/166 981/192/166 982/192/166 964/192/166
f 966/192/166 984/192/166 983/192/166 965/192/166
f 965/192/166 983/192/166 998/192/166
f 967/192/166 986/192/166 987/192/166 968/192/166
f 969/192/166 990/192/166 1001/192/166
f 968/192/166 987/192/166 989/192/166
f 970/192/166 991/192/166 990/192/166 969/192/166
f 972/192/166 993/192/166 992/192/166 971/192/166
f 973/192/166 994/192/166 995/192/166 974/192/166
f 974/192/166 995/192/166 996/192/166
f 988/192/166 986/192/166 967/192/166
f 978/192/166 975/192/166 959/192/166
f 985/192/166 981/192/166 963/192/166
f 997/192/166 980/192/166 962/192/166
f 999/192/166 991/192/166 970/192/166
f 1002/192/166 993/192/166 972/192/166
f 958/192/482 1002/192/482 972/192/482 944/192/482
f 935/192/493 963/192/493 964/192/493 936/192/493
f 947/192/449 930/192/449 995/192/449 996/192/449
f 951/192/494 985/192/494 963/192/494 935/192/494
f 915/192/445 975/192/445 978/192/445 950/192/445
f 938/192/495 966/192/495 937/192/495
f 932/192/494 960/192/494 977/192/494 952/192/494
f 926/192/485 991/192/485 1020/192/485 1012/192/485
f 966/192/496 938/192/496 1006/192/496 1005/192/496
f 917/192/440 980/192/440 997/192/440 953/192/440
f 915/192/171 916/192/171 1028/192/171 1027/192/171
f 954/192/440 921/192/440 983/192/440 998/192/440
f 993/192/166 1022/192/166 1021/192/166 992/192/166
f 939/192/497 967/192/497 968/192/497 940/192/497
f 953/192/498 997/192/498 962/192/498 933/192/498
f 922/192/416 984/192/416 1005/192/416 1006/192/416
f 937/192/498 965/192/498 998/192/498 954/192/498
f 919/192/448 981/192/448 985/192/448 951/192/448
f 948/192/499 988/192/499 967/192/499 939/192/499
f 926/192/445 955/192/445 999/192/445 991/192/445
f 929/192/483 1023/192/483 1025/192/483 994/192/483
f 946/192/499 974/192/499 996/192/499 947/192/499
f 966/192/166 1005/192/166 984/192/166
f 1004/192/416 982/192/416 920/192/416 1003/192/416
f 966/192/500 965/192/500 937/192/500
f 966/192/495 965/192/495 937/192/495 938/192/495
f 982/192/166 1004/192/166 964/192/166
f 936/192/501 964/192/501 1004/192/501 1003/192/501
f 1013/192/502 1021/192/502 1022/192/502 1014/192/502
f 1011/192/503 1019/192/503 1020/192/503 1012/192/503
f 1007/192/504 1015/192/504 1016/192/504 1008/192/504
f 1009/192/505 1017/192/505 1018/192/505 1010/192/505
f 983/192/506 921/192/506 1009/192/506 1017/192/506
f 918/192/171 1007/192/171 1008/192/171 917/192/171
f 925/192/171 1011/192/171 1012/192/171 926/192/171
f 927/192/171 1013/192/171 1014/192/171 928/192/171
f 922/192/506 1010/192/506 1018/192/506 984/192/506
f 921/192/171 1009/192/171 1010/192/171 922/192/171
f 928/192/485 993/192/485 1022/192/485 1014/192/485
f 979/192/485 1015/192/485 1007/192/485 918/192/485
f 992/192/485 1021/192/485 1013/192/485 927/192/485
f 917/192/506 1008/192/506 1016/192/506 980/192/506
f 980/192/166 1016/192/166 1015/192/166 979/192/166
f 991/192/166 1020/192/166 1019/192/166 990/192/166
f 920/192/507 982/192/507 1040/192/507 1030/192/507
f 975/192/483 915/192/483 1027/192/483 1037/192/483
f 923/192/171 924/192/171 1032/192/171 1031/192/171
f 987/192/166 986/192/166 1036/192/166 1035/192/166
f 976/192/507 1038/192/507 1028/192/507 916/192/507
f 982/192/166 981/192/166 1039/192/166 1040/192/166
f 930/192/171 1024/192/171 1023/192/171 929/192/171
f 923/192/483 1031/192/483 1036/192/483 986/192/483
f 975/192/166 1037/192/166 1038/192/166 976/192/166
f 919/192/483 1029/192/483 1039/192/483 981/192/483
f 924/192/483 1032/192/483 1035/192/483 987/192/483
f 1028/192/508 1038/192/508 1037/192/508 1027/192/508
f 1034/192/509 1042/192/509 1041/192/509 1033/192/509
f 1030/192/510 1040/192/510 1039/192/510 1029/192/510
f 1032/192/511 1035/192/511 1036/192/511 1031/192/511
f 1025/192/166 1041/192/166 1042/192/166 1026/192/166
f 1023/192/483 1033/192/483 1041/192/483 1025/192/483
f 1024/192/171 1034/192/171 1033/192/171 1023/192/171
f 1026/192/483 1024/192/483 1034/192/483 1042/192/483
f 919/192/171 920/192/171 1030/192/171 1029/192/171
f 989/192/166 987/192/166 1035/192/166 1037/192/166 975/192/166 978/192/166
f 949/192/166 950/192/166 956/192/166 955/192/166
f 955/192/490 956/192/490 1000/192/490 999/192/490
f 1000/192/166 979/192/166 991/192/166 999/192/166
f 1020/192/166 991/192/166 979/192/166 1015/192/166
f 978/192/486 950/192/486 949/192/486 989/192/486
f 1012/192/446 1020/192/446 1015/192/446 1007/192/446
f 1037/192/447 1035/192/447 1032/192/447 1027/192/447
f 1036/192/439 1042/192/439 1034/192/439 1031/192/439
f 986/192/166 995/192/166 1026/192/166 1042/192/166 1036/192/166
f 986/192/166 988/192/166 996/192/166 995/192/166
f 947/192/499 996/192/499 988/192/499 948/192/499
f 947/192/166 948/192/166 957/192/166 958/192/166
f 958/192/482 957/192/482 1001/192/482 1002/192/482
f 1002/192/166 1001/192/166 990/192/166 993/192/166
f 993/192/166 990/192/166 1019/192/166 1022/192/166
f 1022/192/450 1019/192/450 1011/192/450 1014/192/450
f 1009/192/443 1008/192/443 1016/192/443 1017/192/443
f 980/192/166 983/192/166 1017/192/166 1016/192/166
f 980/192/166 997/192/166 998/192/166 983/192/166
f 998/192/512 997/192/512 953/192/512 954/192/512
f 951/192/166 954/192/166 953/192/166 952/192/166
f 952/192/494 977/192/494 985/192/494 951/192/494
f 985/192/166 977/192/166 976/192/166 981/192/166
f 981/192/166 976/192/166 1038/192/166 1039/192/166
f 928/192/171 944/192/171 943/192/171 927/192/171
f 929/192/171 945/192/171 946/192/171 930/192/171
f 923/192/171 939/192/171 940/192/171 924/192/171
f 926/192/171 942/192/171 941/192/171 925/192/171
f 917/192/171 933/192/171 934/192/171 918/192/171
f 915/192/171 931/192/171 932/192/171 916/192/171
f 919/192/171 935/192/171 936/192/171 920/192/171
f 921/192/171 922/192/171 938/192/171 937/192/171
f 1003/192/171 920/192/171 936/192/171
f 1006/192/171 938/192/171 922/192/171
f 937/192/171 954/192/171 921/192/171
f 953/192/171 933/192/171 917/192/171
f 921/192/171 917/192/171 1008/192/171 1009/192/171
f 917/192/171 921/192/171 954/192/171 953/192/171
f 919/192/171 951/192/171 935/192/171
f 919/192/166 916/192/166 1028/192/166 1029/192/166
f 952/192/171 916/192/171 932/192/171
f 919/192/166 951/192/166 952/192/166 916/192/166
f 915/192/171 950/192/171 931/192/171
f 924/192/171 940/192/171 949/192/171
f 915/192/171 924/192/171 949/192/171 950/192/171
f 915/192/171 1027/192/171 1032/192/171 924/192/171
f 942/192/171 926/192/171 955/192/171
f 934/192/171 956/192/171 918/192/171
f 956/192/171 955/192/171 926/192/171 918/192/171
f 1007/192/171 918/192/171 926/192/171 1012/192/171
f 941/192/171 957/192/171 925/192/171
f 958/192/171 944/192/171 928/192/171
f 928/192/171 925/192/171 957/192/171 958/192/171
f 1014/192/171 1011/192/171 925/192/171 928/192/171
f 948/192/171 939/192/171 923/192/171
f 923/192/171 1031/192/171 1034/192/171 1024/192/171 930/192/171
f 947/192/171 930/192/171 946/192/171
f 923/192/171 930/192/171 947/192/171 948/192/171
f 901/192/171 899/192/171 897/192/171 902/192/171
f 891/192/171 898/192/171 900/192/171 894/192/171
f 895/192/171 892/192/171 893/192/171 896/192/171
f 1051/192/450 1059/192/450 1063/192/450 1049/192/450
f 1045/192/448 1057/192/448 1062/192/448 1048/192/448
f 1053/192/449 1058/192/449 1059/192/449 1051/192/449
f 1056/192/166 1064/192/166 1065/192/166 1055/192/166
f 1046/192/445 1052/192/445 1064/192/445 1056/192/445
f 1058/192/166 1066/192/166 1063/192/166 1059/192/166
f 1062/192/166 1057/192/166 1061/192/166 1060/192/166
f 1044/192/444 1061/192/444 1057/192/444 1045/192/444
f 1048/192/443 1062/192/443 1060/192/443 1047/192/443
f 1050/192/442 1043/192/442 1055/192/442 1065/192/442
f 1052/192/447 1050/192/447 1065/192/447 1064/192/447
f 1043/192/446 1046/192/446 1056/192/446 1055/192/446
f 1047/192/440 1060/192/440 1061/192/440 1044/192/440
f 1049/192/441 1063/192/441 1066/192/441 1054/192/441
f 1054/192/439 1066/192/439 1058/192/439 1053/192/439
f 1104/192/443 1129/192/443 1128/192/443 1068/192/443
f 1085/192/474 1114/192/474 1113/192/474 1086/192/474
f 1093/192/513 1121/192/513 1153/192/513 1109/192/513
f 1147/192/453 1082/192/453 1176/192/453 1178/192/453
f 1146/192/166 1177/192/166 1178/192/166 1147/192/166
f 1080/192/439 1110/192/439 1154/192/439 1145/192/439
f 1092/192/514 1120/192/514 1141/192/514 1101/192/514
f 1142/192/455 1171/192/455 1163/192/455 1077/192/455
f 1109/192/439 1153/192/439 1142/192/439 1077/192/439
f 1102/192/515 1130/192/515 1111/192/515 1083/192/515
f 1136/192/166 1170/192/166 1169/192/166 1135/192/166
f 1083/192/476 1111/192/476 1112/192/476 1084/192/476
f 1086/192/516 1113/192/516 1152/192/516 1108/192/516
f 1097/192/477 1125/192/477 1126/192/477 1098/192/477
f 1111/192/166 1127/192/166 1128/192/166 1112/192/166
f 1101/192/447 1076/192/447 1139/192/447 1141/192/447
f 1099/192/166 1110/192/166 1096/192/166 1098/192/166
f 1107/192/517 1151/192/517 1122/192/517 1094/192/517
f 1101/192/166 1107/192/166 1094/192/166 1092/192/166
f 1096/192/472 1124/192/472 1123/192/472 1095/192/472
f 1104/192/166 1105/192/166 1085/192/166 1084/192/166
f 1075/192/518 1138/192/518 1140/192/518 1100/192/518
f 1106/192/166 1103/192/166 1087/192/166 1089/192/166
f 1108/192/519 1152/192/519 1131/192/519 1070/192/519
f 1108/192/166 1102/192/166 1083/192/166 1086/192/166
f 1109/192/166 1100/192/166 1091/192/166 1093/192/166
f 1094/192/473 1122/192/473 1121/192/473 1093/192/473
f 1112/192/166 1128/192/166 1129/192/166
f 1113/192/166 1131/192/166 1152/192/166
f 1114/192/166 1132/192/166 1131/192/166 1113/192/166
f 1115/192/166 1133/192/166 1134/192/166 1116/192/166
f 1118/192/166 1136/192/166 1135/192/166 1117/192/166
f 1117/192/166 1135/192/166 1150/192/166
f 1119/192/166 1138/192/166 1139/192/166 1120/192/166
f 1121/192/166 1142/192/166 1153/192/166
f 1120/192/166 1139/192/166 1141/192/166
f 1122/192/166 1143/192/166 1142/192/166 1121/192/166
f 1124/192/166 1145/192/166 1144/192/166 1123/192/166
f 1125/192/166 1146/192/166 1147/192/166 1126/192/166
f 1126/192/166 1147/192/166 1148/192/166
f 1140/192/166 1138/192/166 1119/192/166
f 1130/192/166 1127/192/166 1111/192/166
f 1137/192/166 1133/192/166 1115/192/166
f 1149/192/166 1132/192/166 1114/192/166
f 1151/192/166 1143/192/166 1122/192/166
f 1154/192/166 1145/192/166 1124/192/166
f 1110/192/513 1154/192/513 1124/192/513 1096/192/513
f 1087/192/478 1115/192/478 1116/192/478 1088/192/478
f 1099/192/439 1082/192/439 1147/192/439 1148/192/439
f 1103/192/520 1137/192/520 1115/192/520 1087/192/520
f 1067/192/447 1127/192/447 1130/192/447 1102/192/447
f 1090/192/470 1118/192/470 1089/192/470
f 1084/192/521 1112/192/521 1129/192/521 1104/192/521
f 1078/192/455 1143/192/455 1172/192/455 1164/192/455
f 1118/192/522 1090/192/522 1158/192/522 1157/192/522
f 1069/192/444 1105/192/444 1149/192/444 1132/192/444
f 1067/192/171 1068/192/171 1180/192/171 1179/192/171
f 1106/192/444 1150/192/444 1135/192/444 1073/192/444
f 1145/192/166 1174/192/166 1173/192/166 1144/192/166
f 1091/192/479 1119/192/479 1120/192/479 1092/192/479
f 1105/192/523 1149/192/523 1114/192/523 1085/192/523
f 1074/192/415 1136/192/415 1157/192/415 1158/192/415
f 1089/192/524 1117/192/524 1150/192/524 1106/192/524
f 1071/192/444 1133/192/444 1137/192/444 1103/192/444
f 1100/192/525 1140/192/525 1119/192/525 1091/192/525
f 1078/192/447 1107/192/447 1151/192/447 1143/192/447
f 1081/192/453 1175/192/453 1177/192/453 1146/192/453
f 1098/192/525 1126/192/525 1148/192/525 1099/192/525
f 1118/192/166 1157/192/166 1136/192/166
f 1156/192/415 1134/192/415 1072/192/415 1155/192/415
f 1118/192/470 1117/192/470 1089/192/470
f 1118/192/470 1117/192/470 1089/192/470 1090/192/470
f 1134/192/166 1156/192/166 1116/192/166
f 1088/192/526 1116/192/526 1156/192/526 1155/192/526
f 1165/192/460 1173/192/460 1174/192/460 1166/192/460
f 1163/192/461 1171/192/461 1172/192/461 1164/192/461
f 1159/192/451 1167/192/451 1168/192/451 1160/192/451
f 1161/192/527 1169/192/527 1170/192/527 1162/192/527
f 1135/192/455 1169/192/455 1161/192/455 1073/192/455
f 1070/192/171 1159/192/171 1160/192/171 1069/192/171
f 1077/192/171 1163/192/171 1164/192/171 1078/192/171
f 1079/192/171 1165/192/171 1166/192/171 1080/192/171
f 1074/192/475 1162/192/475 1170/192/475 1136/192/475
f 1073/192/171 1161/192/171 1162/192/171 1074/192/171
f 1080/192/455 1145/192/455 1174/192/455 1166/192/455
f 1131/192/455 1167/192/455 1159/192/455 1070/192/455
f 1144/192/455 1173/192/455 1165/192/455 1079/192/455
f 1069/192/455 1132/192/455 1168/192/455 1160/192/455
f 1132/192/166 1168/192/166 1167/192/166 1131/192/166
f 1143/192/166 1172/192/166 1171/192/166 1142/192/166
f 1072/192/469 1134/192/469 1192/192/469 1182/192/469
f 1127/192/453 1067/192/453 1179/192/453 1189/192/453
f 1075/192/171 1076/192/171 1184/192/171 1183/192/171
f 1139/192/166 1138/192/166 1188/192/166 1187/192/166
f 1128/192/469 1190/192/469 1180/192/469 1068/192/469
f 1134/192/166 1133/192/166 1191/192/166 1192/192/166
f 1082/192/171 1176/192/171 1175/192/171 1081/192/171
f 1075/192/453 1183/192/453 1188/192/453 1138/192/453
f 1127/192/166 1189/192/166 1190/192/166 1128/192/166
f 1071/192/453 1181/192/453 1191/192/453 1133/192/453
f 1076/192/453 1184/192/453 1187/192/453 1139/192/453
f 1180/192/457 1190/192/457 1189/192/457 1179/192/457
f 1186/192/459 1194/192/459 1193/192/459 1185/192/459
f 1182/192/462 1192/192/462 1191/192/462 1181/192/462
f 1184/192/466 1187/192/466 1188/192/466 1183/192/466
f 1177/192/166 1193/192/166 1194/192/166 1178/192/166
f 1175/192/453 1185/192/453 1193/192/453 1177/192/453
f 1176/192/171 1186/192/171 1185/192/171 1175/192/171
f 1178/192/453 1176/192/453 1186/192/453 1194/192/453
f 1071/192/171 1072/192/171 1182/192/171 1181/192/171
f 1141/192/166 1139/192/166 1187/192/166 1189/192/166 1127/192/166 1130/192/166
f 1101/192/166 1102/192/166 1108/192/166 1107/192/166
f 1107/192/516 1108/192/516 1152/192/516 1151/192/516
f 1152/192/166 1131/192/166 1143/192/166 1151/192/166
f 1172/192/166 1143/192/166 1131/192/166 1167/192/166
f 1130/192/515 1102/192/515 1101/192/515 1141/192/515
f 1164/192/445 1172/192/445 1167/192/445 1159/192/445
f 1189/192/442 1187/192/442 1184/192/442 1179/192/442
f 1188/192/441 1194/192/441 1186/192/441 1183/192/441
f 1138/192/166 1147/192/166 1178/192/166 1194/192/166 1188/192/166
f 1138/192/166 1140/192/166 1148/192/166 1147/192/166
f 1099/192/525 1148/192/525 1140/192/525 1100/192/525
f 1099/192/166 1100/192/166 1109/192/166 1110/192/166
f 1110/192/513 1109/192/513 1153/192/513 1154/192/513
f 1154/192/166 1153/192/166 1142/192/166 1145/192/166
f 1145/192/166 1142/192/166 1171/192/166 1174/192/166
f 1174/192/449 1171/192/449 1163/192/449 1166/192/449
f 1161/192/448 1160/192/448 1168/192/448 1169/192/448
f 1132/192/166 1135/192/166 1169/192/166 1168/192/166
f 1132/192/166 1149/192/166 1150/192/166 1135/192/166
f 1150/192/523 1149/192/523 1105/192/523 1106/192/523
f 1103/192/166 1106/192/166 1105/192/166 1104/192/166
f 1104/192/520 1129/192/520 1137/192/520 1103/192/520
f 1137/192/166 1129/192/166 1128/192/166 1133/192/166
f 1133/192/166 1128/192/166 1190/192/166 1191/192/166
f 1080/192/171 1096/192/171 1095/192/171 1079/192/171
f 1081/192/171 1097/192/171 1098/192/171 1082/192/171
f 1075/192/171 1091/192/171 1092/192/171 1076/192/171
f 1078/192/171 1094/192/171 1093/192/171 1077/192/171
f 1069/192/171 1085/192/171 1086/192/171 1070/192/171
f 1067/192/171 1083/192/171 1084/192/171 1068/192/171
f 1071/192/171 1087/192/171 1088/192/171 1072/192/171
f 1073/192/171 1074/192/171 1090/192/171 1089/192/171
f 1155/192/171 1072/192/171 1088/192/171
f 1158/192/171 1090/192/171 1074/192/171
f 1089/192/171 1106/192/171 1073/192/171
f 1105/192/171 1085/192/171 1069/192/171
f 1073/192/171 1069/192/171 1160/192/171 1161/192/171
f 1069/192/171 1073/192/171 1106/192/171 1105/192/171
f 1071/192/171 1103/192/171 1087/192/171
f 1071/192/166 1068/192/166 1180/192/166 1181/192/166
f 1104/192/171 1068/192/171 1084/192/171
f 1071/192/166 1103/192/166 1104/192/166 1068/192/166
f 1067/192/171 1102/192/171 1083/192/171
f 1076/192/171 1092/192/171 1101/192/171
f 1067/192/171 1076/192/171 1101/192/171 1102/192/171
f 1067/192/171 1179/192/171 1184/192/171 1076/192/171
f 1094/192/171 1078/192/171 1107/192/171
f 1086/192/171 1108/192/171 1070/192/171
f 1108/192/171 1107/192/171 1078/192/171 1070/192/171
f 1159/192/171 1070/192/171 1078/192/171 1164/192/171
f 1093/192/171 1109/192/171 1077/192/171
f 1110/192/171 1096/192/171 1080/192/171
f 1080/192/171 1077/192/171 1109/192/171 1110/192/171
f 1166/192/171 1163/192/171 1077/192/171 1080/192/171
f 1100/192/171 1091/192/171 1075/192/171
f 1075/192/171 1183/192/171 1186/192/171 1176/192/171 1082/192/171
f 1099/192/171 1082/192/171 1098/192/171
f 1075/192/171 1082/192/171 1099/192/171 1100/192/171
f 1053/192/171 1051/192/171 1049/192/171 1054/192/171
f 1043/192/171 1050/192/171 1052/192/171 1046/192/171
f 1047/192/171 1044/192/171 1045/192/171 1048/192/171
f 1203/192/449 1211/192/449 1215/192/449 1201/192/449
f 1197/192/444 1209/192/444 1214/192/444 1200/192/444
f 1205/192/439 1210/192/439 1211/192/439 1203/192/439
f 1208/192/166 1216/192/166 1217/192/166 1207/192/166
f 1198/192/447 1204/192/447 1216/192/447 1208/192/447
f 1210/192/166 1218/192/166 1215/192/166 1211/192/166
f 1214/192/166 1209/192/166 1213/192/166 1212/192/166
f 1196/192/440 1213/192/440 1209/192/440 1197/192/440
f 1200/192/448 1214/192/448 1212/192/448 1199/192/448
f 1202/192/446 1195/192/446 1207/192/446 1217/192/446
f 1204/192/442 1202/192/442 1217/192/442 1216/192/442
f 1195/192/445 1198/192/445 1208/192/445 1207/192/445
f 1199/192/443 1212/192/443 1213/192/443 1196/192/443
f 1201/192/450 1215/192/450 1218/192/450 1206/192/450
f 1206/192/441 1218/192/441 1210/192/441 1205/192/441
f 1256/192/448 1281/192/448 1280/192/448 1220/192/448
f 1237/192/504 1266/192/504 1265/192/504 1238/192/504
f 1245/192/528 1273/192/528 1305/192/528 1261/192/528
f 1299/192/507 1234/192/507 1328/192/507 1330/192/507
f 1298/192/166 1329/192/166 1330/192/166 1299/192/166
f 1232/192/441 1262/192/441 1306/192/441 1297/192/441
f 1244/192/529 1272/192/529 1293/192/529 1253/192/529
f 1294/192/506 1323/192/506 1315/192/506 1229/192/506
f 1261/192/441 1305/192/441 1294/192/441 1229/192/441
f 1254/192/530 1282/192/530 1263/192/530 1235/192/530
f 1288/192/166 1322/192/166 1321/192/166 1287/192/166
f 1235/192/508 1263/192/508 1264/192/508 1236/192/508
f 1238/192/531 1265/192/531 1304/192/531 1260/192/531
f 1249/192/509 1277/192/509 1278/192/509 1250/192/509
f 1263/192/166 1279/192/166 1280/192/166 1264/192/166
f 1253/192/442 1228/192/442 1291/192/442 1293/192/442
f 1251/192/166 1262/192/166 1248/192/166 1250/192/166
f 1259/192/532 1303/192/532 1274/192/532 1246/192/532
f 1253/192/166 1259/192/166 1246/192/166 1244/192/166
f 1248/192/502 1276/192/502 1275/192/502 1247/192/502
f 1256/192/166 1257/192/166 1237/192/166 1236/192/166
f 1227/192/441 1290/192/441 1292/192/441 1252/192/441
f 1258/192/166 1255/192/166 1239/192/166 1241/192/166
f 1260/192/442 1304/192/442 1283/192/442 1222/192/442
f 1260/192/166 1254/192/166 1235/192/166 1238/192/166
f 1261/192/166 1252/192/166 1243/192/166 1245/192/166
f 1246/192/503 1274/192/503 1273/192/503 1245/192/503
f 1264/192/166 1280/192/166 1281/192/166
f 1265/192/166 1283/192/166 1304/192/166
f 1266/192/166 1284/192/166 1283/192/166 1265/192/166
f 1267/192/166 1285/192/166 1286/192/166 1268/192/166
f 1270/192/166 1288/192/166 1287/192/166 1269/192/166
f 1269/192/166 1287/192/166 1302/192/166
f 1271/192/166 1290/192/166 1291/192/166 1272/192/166
f 1273/192/166 1294/192/166 1305/192/166
f 1272/192/166 1291/192/166 1293/192/166
f 1274/192/166 1295/192/166 1294/192/166 1273/192/166
f 1276/192/166 1297/192/166 1296/192/166 1275/192/166
f 1277/192/166 1298/192/166 1299/192/166 1278/192/166
f 1278/192/166 1299/192/166 1300/192/166
f 1292/192/166 1290/192/166 1271/192/166
f 1282/192/166 1279/192/166 1263/192/166
f 1289/192/166 1285/192/166 1267/192/166
f 1301/192/166 1284/192/166 1266/192/166
f 1303/192/166 1295/192/166 1274/192/166
f 1306/192/166 1297/192/166 1276/192/166
f 1262/192/528 1306/192/528 1276/192/528 1248/192/528
f 1239/192/510 1267/192/510 1268/192/510 1240/192/510
f 1251/192/441 1234/192/441 1299/192/441 1300/192/441
f 1255/192/533 1289/192/533 1267/192/533 1239/192/533
f 1219/192/442 1279/192/442 1282/192/442 1254/192/442
f 1242/192/495 1241/192/495 1270/192/495
f 1236/192/534 1264/192/534 1281/192/534 1256/192/534
f 1230/192/506 1295/192/506 1324/192/506 1316/192/506
f 1270/192/535 1242/192/535 1310/192/535 1309/192/535
f 1221/192/440 1257/192/440 1301/192/440 1284/192/440
f 1219/192/171 1220/192/171 1332/192/171 1331/192/171
f 1258/192/440 1302/192/440 1287/192/440 1225/192/440
f 1297/192/166 1326/192/166 1325/192/166 1296/192/166
f 1243/192/511 1271/192/511 1272/192/511 1244/192/511
f 1257/192/536 1301/192/536 1266/192/536 1237/192/536
f 1226/192/417 1288/192/417 1309/192/417 1310/192/417
f 1241/192/536 1269/192/536 1302/192/536 1258/192/536
f 1223/192/440 1285/192/440 1289/192/440 1255/192/440
f 1252/192/537 1292/192/537 1271/192/537 1243/192/537
f 1230/192/442 1259/192/442 1303/192/442 1295/192/442
f 1233/192/507 1327/192/507 1329/192/507 1298/192/507
f 1250/192/537 1278/192/537 1300/192/537 1251/192/537
f 1270/192/166 1309/192/166 1288/192/166
f 1308/192/417 1286/192/417 1224/192/417 1307/192/417
f 1270/192/500 1241/192/500 1269/192/500
f 1270/192/505 1269/192/505 1241/192/505 1242/192/505
f 1286/192/166 1308/192/166 1268/192/166
f 1240/192/538 1268/192/538 1308/192/538 1307/192/538
f 1317/192/491 1325/192/491 1326/192/491 1318/192/491
f 1315/192/492 1323/192/492 1324/192/492 1316/192/492
f 1311/192/481 1319/192/481 1320/192/481 1312/192/481
f 1313/192/495 1321/192/495 1322/192/495 1314/192/495
f 1287/192/506 1321/192/506 1313/192/506 1225/192/506
f 1222/192/171 1311/192/171 1312/192/171 1221/192/171
f 1229/192/171 1315/192/171 1316/192/171 1230/192/171
f 1231/192/171 1317/192/171 1318/192/171 1232/192/171
f 1226/192/485 1314/192/485 1322/192/485 1288/192/485
f 1225/192/171 1313/192/171 1314/192/171 1226/192/171
f 1232/192/506 1297/192/506 1326/192/506 1318/192/506
f 1283/192/506 1319/192/506 1311/192/506 1222/192/506
f 1296/192/506 1325/192/506 1317/192/506 1231/192/506
f 1221/192/506 1284/192/506 1320/192/506 1312/192/506
f 1284/192/166 1320/192/166 1319/192/166 1283/192/166
f 1295/192/166 1324/192/166 1323/192/166 1294/192/166
f 1224/192/483 1286/192/483 1344/192/483 1334/192/483
f 1279/192/507 1219/192/507 1331/192/507 1341/192/507
f 1227/192/171 1228/192/171 1336/192/171 1335/192/171
f 1291/192/166 1290/192/166 1340/192/166 1339/192/166
f 1280/192/483 1342/192/483 1332/192/483 1220/192/483
f 1286/192/166 1285/192/166 1343/192/166 1344/192/166
f 1234/192/171 1328/192/171 1327/192/171 1233/192/171
f 1227/192/507 1335/192/507 1340/192/507 1290/192/507
f 1279/192/166 1341/192/166 1342/192/166 1280/192/166
f 1223/192/507 1333/192/507 1343/192/507 1285/192/507
f 1228/192/507 1336/192/507 1339/192/507 1291/192/507
f 1332/192/487 1342/192/487 1341/192/487 1331/192/487
f 1338/192/489 1346/192/489 1345/192/489 1337/192/489
f 1334/192/493 1344/192/493 1343/192/493 1333/192/493
f 1336/192/497 1339/192/497 1340/192/497 1335/192/497
f 1329/192/166 1345/192/166 1346/192/166 1330/192/166
f 1327/192/507 1337/192/507 1345/192/507 1329/192/507
f 1328/192/171 1338/192/171 1337/192/171 1327/192/171
f 1330/192/507 1328/192/507 1338/192/507 1346/192/507
f 1223/192/171 1224/192/171 1334/192/171 1333/192/171
f 1293/192/166 1291/192/166 1339/192/166 1341/192/166 1279/192/166 1282/192/166
f 1253/192/166 1254/192/166 1260/192/166 1259/192/166
f 1259/192/531 1260/192/531 1304/192/531 1303/192/531
f 1304/192/166 1283/192/166 1295/192/166 1303/192/166
f 1324/192/166 1295/192/166 1283/192/166 1319/192/166
f 1282/192/530 1254/192/530 1253/192/530 1293/192/530
f 1316/192/447 1324/192/447 1319/192/447 1311/192/447
f 1341/192/446 1339/192/446 1336/192/446 1331/192/446
f 1340/192/450 1346/192/450 1338/192/450 1335/192/450
f 1290/192/166 1299/192/166 1330/192/166 1346/192/166 1340/192/166
f 1290/192/166 1292/192/166 1300/192/166 1299/192/166
f 1251/192/537 1300/192/537 1292/192/537 1252/192/537
f 1251/192/166 1252/192/166 1261/192/166 1262/192/166
f 1262/192/528 1261/192/528 1305/192/528 1306/192/528
f 1306/192/166 1305/192/166 1294/192/166 1297/192/166
f 1297/192/166 1294/192/166 1323/192/166 1326/192/166
f 1326/192/439 1323/192/439 1315/192/439 1318/192/439
f 1313/192/444 1312/192/444 1320/192/444 1321/192/444
f 1284/192/166 1287/192/166 1321/192/166 1320/192/166
f 1284/192/166 1301/192/166 1302/192/166 1287/192/166
f 1302/192/539 1301/192/539 1257/192/539 1258/192/539
f 1255/192/166 1258/192/166 1257/192/166 1256/192/166
f 1256/192/533 1281/192/533 1289/192/533 1255/192/533
f 1289/192/166 1281/192/166 1280/192/166 1285/192/166
f 1285/192/166 1280/192/166 1342/192/166 1343/192/166
f 1232/192/171 1248/192/171 1247/192/171 1231/192/171
f 1233/192/171 1249/192/171 1250/192/171 1234/192/171
f 1227/192/171 1243/192/171 1244/192/171 1228/192/171
f 1230/192/171 1246/192/171 1245/192/171 1229/192/171
f 1221/192/171 1237/192/171 1238/192/171 1222/192/171
f 1219/192/171 1235/192/171 1236/192/171 1220/192/171
f 1223/192/171 1239/192/171 1240/192/171 1224/192/171
f 1225/192/171 1226/192/171 1242/192/171 1241/192/171
f 1307/192/171 1224/192/171 1240/192/171
f 1310/192/171 1242/192/171 1226/192/171
f 1241/192/171 1258/192/171 1225/192/171
f 1257/192/171 1237/192/171 1221/192/171
f 1225/192/171 1221/192/171 1312/192/171 1313/192/171
f 1221/192/171 1225/192/171 1258/192/171 1257/192/171
f 1223/192/171 1255/192/171 1239/192/171
f 1223/192/166 1220/192/166 1332/192/166 1333/192/166
f 1256/192/171 1220/192/171 1236/192/171
f 1223/192/166 1255/192/166 1256/192/166 1220/192/166
f 1219/192/171 1254/192/171 1235/192/171
f 1228/192/171 1244/192/171 1253/192/171
f 1219/192/171 1228/192/171 1253/192/171 1254/192/171
f 1219/192/171 1331/192/171 1336/192/171 1228/192/171
f 1246/192/171 1230/192/171 1259/192/171
f 1238/192/171 1260/192/171 1222/192/171
f 1260/192/171 1259/192/171 1230/192/171 1222/192/171
f 1311/192/171 1222/192/171 1230/192/171 1316/192/171
f 1245/192/171 1261/192/171 1229/192/171
f 1262/192/171 1248/192/171 1232/192/171
f 1232/192/171 1229/192/171 1261/192/171 1262/192/171
f 1318/192/171 1315/192/171 1229/192/171 1232/192/171
f 1252/192/171 1243/192/171 1227/192/171
f 1227/192/171 1335/192/171 1338/192/171 1328/192/171 1234/192/171
f 1251/192/171 1234/192/171 1250/192/171
f 1227/192/171 1234/192/171 1251/192/171 1252/192/171
f 1205/192/171 1203/192/171 1201/192/171 1206/192/171
f 1195/192/171 1202/192/171 1204/192/171 1198/192/171
f 1199/192/171 1196/192/171 1197/192/171 1200/192/171
